expression,score,train_rankic,worst_rankic,worst_quarter,usable_days,rejected,rankic_2016Q1,rankic_2016Q2,rankic_2016Q3,rankic_2016Q4,rankic_2017Q1,rankic_2017Q2,rankic_2017Q3,rankic_2017Q4,rankic_2018Q1,rankic_2018Q2,rankic_2018Q3,rankic_2018Q4,rankic_2019Q1,rankic_2019Q2,rankic_2019Q3,rankic_2019Q4,rankic_2020Q1,rankic_2020Q2,rankic_2020Q3,rankic_2020Q4,days_2016Q1,days_2016Q2,days_2016Q3,days_2016Q4,days_2017Q1,days_2017Q2,days_2017Q3,days_2017Q4,days_2018Q1,days_2018Q2,days_2018Q3,days_2018Q4,days_2019Q1,days_2019Q2,days_2019Q3,days_2019Q4,days_2020Q1,days_2020Q2,days_2020Q3,days_2020Q4
($close - $open) / $open,-0.09546599079664518,-0.0431553667090554,-0.09546599079664518,2016Q2,1216,,0.0012289226423500893,-0.09546599079664518,-0.085256934309958,-0.07702625095187941,-0.06286075168589961,0.0017050805738948183,-0.06515179905814732,-0.039038634060467335,-0.03513759460733572,-0.03944126264773339,-0.05890308581197825,0.0013017384963466563,-0.017782538842789616,-0.08170874276526212,-0.031632725747599656,-0.043549605549016934,-0.008970547117140314,-0.04109581890083092,-0.04445185166409111,-0.031167316441125067,59,61,64,60,59,60,65,60,59,60,64,60,58,60,65,61,58,59,66,58
($high - $low) / $open,-0.10155327981728873,-0.034055432314469364,-0.10155327981728873,2016Q3,1216,,-0.03660901196894085,-0.08569675593875214,-0.10155327981728873,-0.08123713418044434,-0.060265062304039246,-0.02877081107939977,-0.03905571042187226,0.013607996474239959,-0.022341806729731486,-0.007785720177161058,-0.025229339809714764,-0.022240985487011138,-0.012336624715135129,-0.03221767441839215,-0.025890357628491727,-0.028819104219644297,-0.026571858138661628,-0.004198812673356692,-0.04154423066057545,-0.005027900986798962,59,61,64,60,59,60,65,60,59,60,64,60,58,60,65,61,58,59,66,58
($close - $open) / ($high - $low + 1e-12),-0.07885308152490172,-0.03390264407431981,-0.07885308152490172,2016Q2,1216,,0.03532094635932116,-0.07885308152490172,-0.06941502489155292,-0.058101757929907794,-0.052066270681216206,0.0092402348173141,-0.05474731081403428,-0.027335420045010873,-0.02275547967123357,-0.03312548674389801,-0.05669907810104985,0.00535511354996701,-0.019530211988249745,-0.06968321895856372,-0.030411037038308077,-0.04800745462790963,0.006831477703839221,-0.03820044357287785,-0.03698618485747715,-0.029301840914360805,59,61,64,60,59,60,65,60,59,60,64,60,58,60,65,61,58,59,66,58
"($high - Greater($open, $close)) / $open",-0.04152617944961925,-0.0012213498758425496,-0.04152617944961925,2016Q3,1216,,0.004620595062238545,-0.036692293991606804,-0.04152617944961925,-0.03952514245773494,-0.0063698996096882895,-0.0012089356804124945,0.0026431414794576462,0.010761709958236415,0.012269153771611682,0.020533416263368163,0.02145018320476199,0.027171279073580693,0.007539157081183807,-0.015063532966946463,0.006920538878214317,0.005045838531721237,0.010520669211575762,0.003259174809851049,-0.028194998716535247,0.016358737781891196,59,61,64,60,59,60,65,60,59,60,64,60,58,60,65,61,58,59,66,58
"($high - Greater($open, $close)) / ($high - $low + 1e-12)",-0.00961653871288675,0.018213013886476722,-0.00961653871288675,2020Q3,1216,,0.018282313371221666,0.005986124147341466,0.007443189183337013,0.005970801719921564,0.031657312779913446,0.01628748949880194,0.02828664279825581,0.005899721221358414,0.03208809015697652,0.02545096174935308,0.036979148712671286,0.03629959662997057,0.022594721199107267,0.0014540771858197567,0.01970567211633059,0.017605278226756692,0.03873402055257504,0.0029240872329681254,-0.00961653871288675,0.02291600845791013,59,61,64,60,59,60,65,60,59,60,64,60,58,60,65,61,58,59,66,58
"(Less($open, $close) - $low) / $open",-0.07620367686856509,-0.04215655097833332,-0.07620367686856509,2018Q3,1216,,-0.03377510133861633,-0.042050674562215666,-0.038406763887605555,-0.05737200173250621,-0.0261538737094744,-0.03677198185247551,-0.05709134405272721,-0.04005877842211937,-0.050387465962479255,-0.053696233349058015,-0.07620367686856509,-0.05625075401686074,-0.01963717995793672,-0.04929444035144439,-0.03941826413593659,-0.013726048320804334,-0.04430535932411998,-0.008473119027575996,-0.06095950319100357,-0.03283729721460414,59,61,64,60,59,60,65,60,59,60,64,60,58,60,65,61,58,59,66,58
"(Less($open, $close) - $low) / ($high - $low + 1e-12)",-0.07269481054185022,-0.020515103095803983,-0.07269481054185022,2018Q3,1216,,-0.004817842778491022,0.008114903586050574,0.02076129776040248,-0.009408146470335086,0.013146295366959255,-0.018492191085210188,-0.02999436477152059,-0.044094512391530484,-0.029315611111523584,-0.048410497236836346,-0.07269481054185022,-0.039308404386212505,-0.012815896063464853,-0.02455160073642299,-0.02168073063501583,-0.003982509077518803,-0.01754481249616877,-0.003943704554272573,-0.03944492468191955,-0.028011848701033043,59,61,64,60,59,60,65,60,59,60,64,60,58,60,65,61,58,59,66,58
(2 * $close - $high - $low) / $open,-0.09996784626498523,-0.058107274367051244,-0.09996784626498523,2018Q3,1216,,-0.03642104692260684,-0.0894026713245344,-0.06618083871062144,-0.07893645439552431,-0.0695572019407167,-0.022621091653985827,-0.0848293651237446,-0.054819164840949175,-0.057661101692193927,-0.06934454589911979,-0.09996784626498523,-0.040868860394107774,-0.030180670200352425,-0.08757312115980397,-0.047225892550567,-0.03828539510061636,-0.04231093281093143,-0.040331124195088046,-0.052952543113587325,-0.046016083794562776,59,61,64,60,59,60,65,60,59,60,64,60,58,60,65,61,58,59,66,58
(2 * $close - $high - $low) / ($high - $low + 1e-12),-0.10495201671098162,-0.048259689465160426,-0.10495201671098162,2018Q3,1216,,0.00953946206263807,-0.07259905944036685,-0.051675937851069366,-0.061408549722408674,-0.05456223104303982,-0.0059771167760269035,-0.07320775991644453,-0.0472270218201796,-0.0437016024231574,-0.061736494118966895,-0.10495201671098162,-0.038050173604475414,-0.03430860866939414,-0.07597661672503127,-0.04457994388324054,-0.048327535173836075,-0.019915324689835617,-0.03457385348071884,-0.047269492562678324,-0.04594727588013946,59,61,64,60,59,60,65,60,59,60,64,60,58,60,65,61,58,59,66,58
"Ref($open, 1) / $close",-0.01887346887366319,0.0373771751972369,-0.01887346887366319,2018Q4,1216,,0.022871672383055614,0.08639710335978702,0.1018028382147114,0.054254937566760336,0.06227474957735492,0.012150307799197029,0.06403213126146852,0.047007864612643085,0.03616722178896317,0.01643867402553238,0.03748335082240693,-0.01887346887366319,0.00995091897086599,0.04166117154879446,0.01574613479871382,0.047999706932810866,0.009679615195310005,0.0575670676943336,0.01114953675120221,0.026995942009518,59,61,64,60,59,60,65,60,59,60,64,60,58,60,65,61,58,59,66,58
"Ref($high, 1) / $close",-0.021597121634752945,0.027073086422392152,-0.021597121634752945,2018Q4,1216,,0.008020102666275218,0.0699101372001842,0.0588975413074585,0.03331647735270725,0.0452782001943701,-0.008429881380410774,0.05791596218385901,0.04482938598183272,0.03247086922842215,0.01604482665112493,0.038759351872137235,-0.021597121634752945,0.012757121797744667,0.03505542285951218,-0.0018254480665114983,0.03504617701661416,0.008455899680055832,0.04843028964724256,0.006793348718640127,0.01849969392925288,59,61,64,60,59,60,65,60,59,60,64,60,58,60,65,61,58,59,66,58
"Ref($low, 1) / $close",-0.015527959601275777,0.04610131960175362,-0.015527959601275777,2018Q4,1216,,0.02228812329042939,0.09780433960938849,0.1303956844325401,0.0865783780423283,0.07809836662969355,0.006247878209375882,0.07335763253651867,0.046316902971591786,0.03857012453173408,0.017032563470038193,0.05068750051183742,-0.015527959601275777,0.008859387810037962,0.07522510374365536,0.03060556861458737,0.05043798666401805,0.017085060715988008,0.04057364312795893,0.03292150864916423,0.024952345329073027,59,61,64,60,59,60,65,60,59,60,64,60,58,60,65,61,58,59,66,58
"Ref($volume, 1) / ($volume + 1e-12)",-0.0030297564649060626,0.021321931738114138,-0.0030297564649060626,2019Q3,1216,,0.05418011511321842,0.05546190119401308,0.03189772682747427,0.025520192610093046,0.03828432415210156,0.008809881626436231,0.02999925313133884,0.0017443123029376197,0.016944505793669174,0.019271595453292732,0.02824807832857126,0.025318013900438727,0.000804485338357708,-0.002921452037545426,-0.0030297564649060626,0.02867865179497893,0.014965820907171575,0.02743656664025478,0.00820501915387166,0.01720516551590411,59,61,64,60,59,60,65,60,59,60,64,60,58,60,65,61,58,59,66,58
"Ref($close, 5) / $close",-0.002419232120153542,0.04455986648480977,-0.002419232120153542,2020Q1,1216,,0.041452709878437535,0.09385590954122018,0.10463560148220902,0.06096473485990093,0.07234640629355252,0.033216836610068405,0.06316637252878587,0.023502099800995817,0.06713260528752246,0.035055930499341005,0.03420751450782553,0.001773345011517334,0.03575743006909972,0.06605794136930819,0.012757533064071154,0.042497172277071234,-0.002419232120153542,0.03546846777388964,0.06231919151660272,-3.965874583261218e-05,59,61,64,60,59,60,65,60,59,60,64,60,58,60,65,61,58,59,66,58
"Mean($close, 5) / $close",-0.00492291205117849,0.03844601760258885,-0.00492291205117849,2018Q4,1216,,0.010736684439775919,0.09069088097955537,0.10180959363266279,0.06077564630097121,0.06510218428032538,0.010936387489532469,0.05879887347602532,0.021180526729769996,0.039389289814456684,0.01961893703687651,0.04877411855897089,-0.00492291205117849,0.011502656987396631,0.05224101637488448,0.012888612085648484,0.05727552320167999,-8.330708719569677e-05,0.046903254138181916,0.03242830847912857,0.025331767130037344,59,61,64,60,59,60,65,60,59,60,64,60,58,60,65,61,58,59,66,58
"Std($close, 5) / $close",-0.05627119916780557,-0.01701892150858821,-0.05627119916780557,2016Q3,1216,,-0.03593226829692889,-0.04563270968260946,-0.05627119916780557,-0.04563060841152206,-0.037730433488182245,-0.021073985990543376,-0.00325883880216384,0.022372741892463268,-0.0011311715634413015,-0.012242014614337337,-0.000907627859100871,-0.018789272332167026,0.007192383856841263,-0.03457519133070284,-0.026008218175825996,-0.010445569371660999,-0.01105283957154664,0.0016178043920528466,-0.0252097467610002,0.01877599542206128,59,61,64,60,59,60,65,60,59,60,64,60,58,60,65,61,58,59,66,58
"Slope($close, 5) / $close",-0.07506182237347574,-0.03184882030197364,-0.07506182237347574,2016Q2,1216,,-0.008629148626387615,-0.07506182237347574,-0.07415121088580344,-0.051385644811096504,-0.055798809882250125,-0.021718784051431288,-0.046294661959246065,-0.0034607854707783526,-0.03901029390863737,-0.016345700868801945,-0.03802539228967795,-0.001865049567415823,-0.020138864063008702,-0.03991115389625019,-0.007975479634493346,-0.04508295283424844,-0.0011354421902829224,-0.029582244255525397,-0.03574536587993928,-0.020171242384419273,59,61,64,60,59,60,65,60,59,60,64,60,58,60,65,61,58,59,66,58
"Rsquare($close, 5)",-0.0759301830106739,-0.011656086593103748,-0.0759301830106739,2016Q1,1216,,-0.0759301830106739,-0.03149906232848482,0.005266900266277378,-0.012079826670224772,-0.024761309263980184,-0.025939053984381823,-0.0008938656793542523,0.003544529150395507,-0.018313467869723755,-0.013968361044067578,-0.002881297644723377,0.001940556181380125,-0.010396691604922195,-0.012385791464793072,0.00895877198223607,0.0024095320448453976,-0.014081476753956624,-0.011527674154940158,-0.007076897294258023,0.0007805836623850577,59,61,64,60,59,60,65,60,59,60,64,60,58,60,65,61,58,59,66,58
"Resi($close, 5) / $close",-0.0578043720520745,-0.019675279966448456,-0.0578043720520745,2016Q2,1216,,-0.0037986605829239523,-0.0578043720520745,-0.056967548431582915,-0.031067252983162725,-0.03238535421629375,0.025905298538346576,-0.0317381781085479,-0.03882147439457973,-0.01180844906774911,-0.011925915804557886,-0.030143486657333317,0.02565229864778004,0.013753270555187422,-0.042250820686388614,-0.02559920558071307,-0.0265473814640432,-0.002764890190510994,-0.038702589259356095,0.0065871061690428055,-0.01869383141597944,59,61,64,60,59,60,65,60,59,60,64,60,58,60,65,61,58,59,66,58
"Max($high, 5) / $close",-0.017583869860446733,0.016373844626325875,-0.017583869860446733,2020Q1,1216,,0.004190524078052578,0.02006206420953069,0.0029260475293284814,-0.008791035388673301,0.03434423346760916,0.00573128907393835,0.042087732588151384,0.03190671012514487,0.04260548822423257,0.026922320211177565,0.03892715397490888,-0.012388555368623103,0.02146059016831712,0.01650846832044526,-0.007139181139873585,0.028657971374777203,-0.017583869860446733,0.035267272023991034,0.0018630885559521495,0.020331089030467122,59,61,64,60,59,60,65,60,59,60,64,60,58,60,65,61,58,59,66,58
"Min($low, 5) / $close",0.007804465652105025,0.04608539252062621,0.007804465652105025,2019Q1,1216,,0.033544618295520336,0.078353419149624,0.13386120490797254,0.09606066104044723,0.06468183662691275,0.034607303736460156,0.07031943699944543,0.021445584669992152,0.04259366667828263,0.023914929989696996,0.054108204307408696,0.012367149546245048,0.007804465652105025,0.06698750402591866,0.024852590944937542,0.042854041426761066,0.01309342816080233,0.02318768616545331,0.050182735183715965,0.015627089685331476,59,61,64,60,59,60,65,60,59,60,64,60,58,60,65,61,58,59,66,58
"Quantile($close, 5, 0.8) / $close",-0.010263221078055851,0.03588097675912336,-0.010263221078055851,2018Q4,1216,,0.019225100773712395,0.0800593140911325,0.07838238945222761,0.04650773939221954,0.068780974652986,0.008440486103406194,0.059923324496408664,0.026099550410221037,0.0418654902629224,0.02141286828821656,0.0576941875779329,-0.010263221078055851,0.015387720510658013,0.04176839576901277,8.96219850963362e-05,0.05331787689788204,0.002665591735918487,0.0467896880821894,0.02692110050415494,0.02759773772969573,59,61,64,60,59,60,65,60,59,60,64,60,58,60,65,61,58,59,66,58
"Quantile($close, 5, 0.2) / $close",-0.014284957716266181,0.03730288562658996,-0.014284957716266181,2018Q4,1216,,-0.006058455646400278,0.08876421882946194,0.11031760498466815,0.06728251489846304,0.06185798385876158,0.0062157287569220366,0.058396481092535736,0.018842047755159172,0.024539427036473556,0.01744235239342978,0.04483872904163365,-0.014284957716266181,0.005848593911822505,0.06168864163229583,0.029761176078614924,0.05413317780695252,0.0008250866593013589,0.04520466278170127,0.03564922324552968,0.024226539637448394,59,61,64,60,59,60,65,60,59,60,64,60,58,60,65,61,58,59,66,58
"Rank($close, 5)",-0.07842847583868211,-0.034873149603373385,-0.07842847583868211,2016Q3,1216,,-0.0067707206490780205,-0.07611053333097728,-0.07842847583868211,-0.04808616094174983,-0.05919073630200861,-0.005443080035845033,-0.05464665470901393,-0.01798461001847951,-0.01979027184681125,-0.02245248353557541,-0.06438910935456389,-0.0011550419081610916,-0.004843383541676396,-0.0513877221436366,-0.013135990270419548,-0.05220745938272215,-0.0019149248202383602,-0.05229884090458875,-0.03438653817351925,-0.024743656107561372,59,61,64,60,59,60,65,60,59,60,64,60,58,60,65,61,58,59,66,58
"($close - Min($low, 5)) / (Max($high, 5) - Min($low, 5) + 1e-12)",-0.08032528527058402,-0.03529197491970449,-0.08032528527058402,2016Q3,1216,,-0.001660294010624918,-0.05707931744245352,-0.08032528527058402,-0.05256733452175822,-0.06286900829084417,-0.019579404682626426,-0.06771175894403207,-0.024842923012977344,-0.047632249476247036,-0.029469929210977235,-0.060753241408947944,0.004221677760051806,-0.020544437556220107,-0.04665303169903307,-0.010699889909770933,-0.046345982085896874,0.013387171231624726,-0.03125881382749945,-0.03573195710845727,-0.019165973093316958,59,61,64,60,59,60,65,60,59,60,64,60,58,60,65,61,58,59,66,58
"IdxMax($high, 5) / 5",-0.048032584946088835,-0.021998216433819173,-0.048032584946088835,2016Q2,1216,,-0.0443169659988348,-0.048032584946088835,-0.036563477338273115,-0.034101896724162896,-0.0478984511695238,-0.025815039629487464,-0.018729077487243784,-0.002540848008283324,-0.0419037554001836,-0.011091260046277574,-0.017025841125578808,0.008485704527464104,-0.02439121519777362,-0.025761129650676652,-0.0029817667510683857,-0.020175000843105365,-0.005155736089675222,-0.025850421909136292,-0.020248413024807396,0.003268025640884979,59,61,64,60,59,60,65,60,59,60,64,60,58,60,65,61,58,59,66,58
"IdxMin($low, 5) / 5",-0.01027372084986589,0.01917068504844609,-0.01027372084986589,2020Q4,1216,,-0.002291524537836599,0.022133671463135843,0.03612558038996476,0.03170061579334336,0.03984207397053989,0.024972739452120682,0.04325832295512391,0.01685038559507212,0.023652907300776967,0.01044893802557858,0.025272003499401303,0.0032996922758521904,0.01626010810972764,0.03344312729319856,0.009129197665379231,0.019980511638813904,-0.003190984734789783,0.0019358281606427616,0.034510190592757874,-0.01027372084986589,59,61,64,60,59,60,65,60,59,60,64,60,58,60,65,61,58,59,66,58
"(IdxMax($high, 5) - IdxMin($low, 5)) / 5",-0.05084646912928956,-0.025433718907501325,-0.05084646912928956,2017Q1,1216,,-0.02704595508165936,-0.05055813467289205,-0.04686279620294483,-0.036228954891550126,-0.05084646912928956,-0.02912727800106918,-0.033021412797328585,-0.011995078413560428,-0.04189119266414768,-0.008136763800275486,-0.025028207451996427,0.0009385819697754278,-0.024715908506389744,-0.03642438410039572,-0.009662740347506051,-0.02555592302974141,-0.0043012125655893,-0.022603158565208798,-0.030335066974031655,0.007507057660912883,59,61,64,60,59,60,65,60,59,60,64,60,58,60,65,61,58,59,66,58
"Corr($close, Log($volume+1), 5)",-0.03750947963898623,-0.01694843943834748,-0.03750947963898623,2016Q2,1216,,0.0009975706004219148,-0.03750947963898623,-0.03742162081619054,-0.02027027438222077,-0.02958512038591561,-0.021484309609100263,-0.02716861393758738,-0.02889990473482069,-0.024909886548119337,-0.009280631498924049,-0.010340637533291421,0.025411945776291456,-0.02700126378178369,-0.03472808128303444,-0.01190896566025939,-0.014739536609902681,-0.009823407349526999,-0.023867400841576503,0.000817138268252847,0.003038196198872635,59,61,64,60,59,60,65,60,59,60,64,60,58,60,65,61,58,59,66,58
"Corr($close/Ref($close,1), Log($volume/Ref($volume,1)+1), 5)",-0.06817466636851588,-0.03287925631622599,-0.06817466636851588,2016Q3,1216,,-0.0011727588133587643,-0.042624949152813105,-0.06817466636851588,-0.04141646580094074,-0.05915136537757875,-0.049215228802823176,-0.04944277046159844,-0.038380378516944744,-0.049710420238121805,-0.03267670107927662,-0.02446718153138752,-0.004058866945165269,-0.0424559990195822,-0.036629576218956045,-0.02369528511408425,-0.02960238202590892,-0.001398967322153608,-0.03332526020454133,-0.028170267913121837,0.0019212180120686498,59,61,64,60,59,60,65,60,59,60,64,60,58,60,65,61,58,59,66,58
"Mean($close>Ref($close,1), 5)",-0.06280820400106105,-0.033496310408267074,-0.06280820400106105,2016Q3,1216,,-0.03462098743218073,-0.05448927219077419,-0.06280820400106105,-0.05615890703932544,-0.05176587444217841,-0.019713920153473643,-0.05345952693426936,-0.018738420022130966,-0.030781355035764953,-0.009935214574534926,-0.02979220958842421,-0.003202254738757494,-0.03932940709982055,-0.05040300250196187,-0.006231536339777057,-0.028727308516311563,-0.017957009413748334,-0.04166908156358524,-0.049768613936240186,-0.006570896921408554,59,61,64,60,59,60,65,60,59,60,64,60,58,60,65,61,58,59,66,58
"Mean($close<Ref($close,1), 5)",-0.002590279212537892,0.03582554353204202,-0.002590279212537892,2018Q4,1216,,0.04780615713110556,0.07000709623478132,0.056850215894207884,0.03598052854504734,0.043525573325975724,0.01844812480535109,0.06001696491992035,0.023478726038560556,0.04056450752290083,0.021338887762690086,0.03172756233266409,-0.002590279212537892,0.0424754714671639,0.05452367306861012,0.01147611630940571,0.030476403043163208,0.023184616458431173,0.049451650852710284,0.04686273414339177,0.007703598928310048,59,61,64,60,59,60,65,60,59,60,64,60,58,60,65,61,58,59,66,58
"Mean($close>Ref($close,1), 5)-Mean($close<Ref($close,1), 5)",-0.06742021462236333,-0.03585370725176283,-0.06742021462236333,2016Q2,1216,,-0.04258870893675885,-0.06742021462236333,-0.062495153676722724,-0.04753380817907806,-0.0483235856890847,-0.019089735225904556,-0.05850673634924956,-0.021828293661946333,-0.037416510804358386,-0.015756227990405842,-0.03162577602578207,-0.0003467640204403145,-0.042144287435612736,-0.0539386679386442,-0.009579751467325945,-0.03039366327774061,-0.02091640166483625,-0.04678218742181084,-0.04960262671208858,-0.007062905640030115,59,61,64,60,59,60,65,60,59,60,64,60,58,60,65,61,58,59,66,58
"Sum(Greater($close-Ref($close,1),0), 5)/(Sum(Abs($close-Ref($close,1)), 5)+1e-12)",-0.0868659347105491,-0.036554923674071205,-0.0868659347105491,2016Q3,1216,,-0.02408391637061053,-0.07291467317757995,-0.0868659347105491,-0.049986393854308996,-0.06132306594651441,-0.037852062469197555,-0.05811372323302996,-0.02247245417868993,-0.043587686189755497,-0.017196832681883836,-0.036033500583897815,0.012813163442845941,-0.043263477031589226,-0.057233674331233525,-0.0051423753316891755,-0.032559078338481755,-0.0035690639877665317,-0.03585106335216558,-0.0576365476903502,0.009003704673759605,59,61,64,60,59,60,65,60,59,60,64,60,58,60,65,61,58,59,66,58
"Sum(Greater(Ref($close,1)-$close,0), 5)/(Sum(Abs($close-Ref($close,1)), 5)+1e-12)",-0.01309411055489058,0.03651837198873195,-0.01309411055489058,2018Q4,1216,,0.02408640259004203,0.0729319477816672,0.08686650158505636,0.049986327016586965,0.061068099733234044,0.03756168691574525,0.05811332949638073,0.02247376338459158,0.04358919316897957,0.017196555553972318,0.03603404121709355,-0.01309411055489058,0.043264957788139505,0.057233876579394605,0.005195604554741048,0.032557206243166374,0.0035673763970742577,0.035850348422250135,0.057638980368893665,-0.0090033814076989,59,61,64,60,59,60,65,60,59,60,64,60,58,60,65,61,58,59,66,58
"(Sum(Greater($close-Ref($close,1),0), 5)-Sum(Greater(Ref($close,1)-$close,0), 5))/(Sum(Abs($close-Ref($close,1)), 5)+1e-12)",-0.08686706119047612,-0.036550764707304235,-0.08686706119047612,2016Q3,1216,,-0.0240837746275928,-0.07292654185518631,-0.08686706119047612,-0.04998562204000679,-0.061266351143537436,-0.037785482475491156,-0.058114311269586494,-0.022472445634175057,-0.043587579111908296,-0.017196104984423997,-0.03603341768264905,0.012823871853558756,-0.04326498531218149,-0.057233329643021386,-0.005176156310493441,-0.03255782222412586,-0.0035696807969084867,-0.035850077596509475,-0.05763805594293217,0.00900475230360265,59,61,64,60,59,60,65,60,59,60,64,60,58,60,65,61,58,59,66,58
"Mean($volume, 5)/($volume+1e-12)",-0.0018026388451199056,0.025866803679567826,-0.0018026388451199056,2019Q1,1216,,0.039203876442057514,0.07447109514542778,0.050682511025990556,0.02498144920952264,0.05291318712759398,0.009265445306618955,0.009620651174195707,0.001768798574766591,0.027221749326115884,0.0277530326937394,0.021097237618709803,0.027815208919765487,-0.0018026388451199056,0.007133826931438808,0.004134326552695494,0.046014065311441706,0.018222522611094957,0.036240171659815135,0.014579623109970012,0.027579773282097063,59,61,64,60,59,60,65,60,59,60,64,60,58,60,65,61,58,59,66,58
"Std($volume, 5)/($volume+1e-12)",-0.01520417148498519,-0.0017113513540134163,-0.01520417148498519,2018Q2,1216,,-0.0020437346340493228,-0.007406397622822279,0.005589541670741912,-0.0043351253366477865,-0.008752847655538545,-0.011259129665917043,-0.005625016032396807,-0.006796461511441627,-0.006645142582152004,-0.01520417148498519,0.0032059827961541413,0.0168479231649891,-0.003121366100708115,0.0001401504092902366,-0.004093976339780937,0.011648071877304997,0.0033981852751330285,-0.0014428963893945053,0.0005376416998511553,0.00048512444636710026,59,61,64,60,59,60,65,60,59,60,64,60,58,60,65,61,58,59,66,58
"Std(Abs($close/Ref($close,1)-1)*$volume, 5)/(Mean(Abs($close/Ref($close,1)-1)*$volume, 5)+1e-12)",-0.02150526713592532,-0.008690691721629196,-0.02150526713592532,2016Q2,1216,,-0.017734849921749413,-0.02150526713592532,-0.008352752699120676,0.001360887270474511,-0.019525511192679475,-0.014832310209976728,-0.01497905698085641,-0.0010568156214206372,-0.009193380901040821,-0.012737894235349463,-0.004695009771842386,-0.0007037363604171178,0.007696785608312153,-0.00035007768105442446,-0.005955003845902925,-0.01576372760961,-0.008975681101786539,-0.019718615210925133,-0.007551461693489582,0.00133166542881554,59,61,64,60,59,60,65,60,59,60,64,60,58,60,65,61,58,59,66,58
"Sum(Greater($volume-Ref($volume,1),0), 5)/(Sum(Abs($volume-Ref($volume,1)), 5)+1e-12)",-0.08255321493951494,-0.036411959963274086,-0.08255321493951494,2016Q2,1216,,-0.046074553266455286,-0.08255321493951494,-0.07180487100010052,-0.032637204794199584,-0.06666180467702187,-0.028908976525452986,-0.025812730149359343,-0.01473451908332808,-0.06413428904032273,-0.035969164496479446,-0.012844845120843367,-0.017738757665435454,-0.030959697011004293,-0.05598080691627694,0.006680646958013624,-0.03104805217921907,-0.03904149714830818,-0.04151161580719989,-0.03647652851344826,-0.0030320580216135658,59,61,64,60,59,60,65,60,59,60,64,60,58,60,65,61,58,59,66,58
"Sum(Greater(Ref($volume,1)-$volume,0), 5)/(Sum(Abs($volume-Ref($volume,1)), 5)+1e-12)",-0.006680646958013624,0.03641198006039916,-0.006680646958013624,2019Q3,1216,,0.04607482214457617,0.08255321493951494,0.07180487100010052,0.03263722935939281,0.06666180467702187,0.028908976525452986,0.025812730149359343,0.01473451908332808,0.06413428904032273,0.035969164496479446,0.012844860261826912,0.017738757665435454,0.030959697011004293,0.05598080691627694,-0.006680646958013624,0.03104805217921907,0.03904149714830818,0.04151161580719989,0.03647652851344826,0.003032163734724348,59,61,64,60,59,60,65,60,59,60,64,60,58,60,65,61,58,59,66,58
"(Sum(Greater($volume-Ref($volume,1),0), 5)-Sum(Greater(Ref($volume,1)-$volume,0), 5))/(Sum(Abs($volume-Ref($volume,1)), 5)+1e-12)",-0.08255321493951494,-0.03641201515754527,-0.08255321493951494,2016Q2,1216,,-0.04607482214457617,-0.08255321493951494,-0.07180487100010052,-0.03263722935939281,-0.06666180467702187,-0.02890946606256946,-0.025812730149359343,-0.01473451908332808,-0.06413428904032273,-0.035969164496479446,-0.012844860261826912,-0.017738757665435454,-0.030959697011004293,-0.05598080691627694,0.006680646958013624,-0.03104805217921907,-0.0390417265604232,-0.04151161580719989,-0.03647652851344826,-0.003032163734724348,59,61,64,60,59,60,65,60,59,60,64,60,58,60,65,61,58,59,66,58
"Min($low, 5) / ( $close * (1 + 0.5 * Greater($volume, Ref($volume, 1))) )",-0.012345047157915989,0.018466870190529852,-0.012345047157915989,2018Q3,1216,,0.03518494263604622,0.041089894883326185,0.051730895480517076,0.008397848478148773,0.023415203575399248,0.01945727766765991,0.010385978271940419,0.009671877162709126,0.021984958659275702,0.010825806429235281,-0.012345047157915989,0.014962515490973903,0.01961649265619584,0.007241062415413743,0.015808662458790448,-0.0022465987122476387,0.02268128087446785,0.03878049716883057,0.02892238552922615,0.003876294076122744,59,61,64,60,59,60,65,60,59,60,64,60,58,60,65,61,58,59,66,58
"(Mean($close,5) - $close) / (Std($close,5) + 1e-12)",-0.014268762190077677,0.030285944543827107,-0.014268762190077677,2018Q4,1216,,-0.010324704561519883,0.0741966544067831,0.08030223553541369,0.038832245797546974,0.05839295976694999,-0.0036512842669757964,0.05063249112668235,0.013964105138045895,0.014215916350170237,0.017795587039281777,0.05875757963954847,-0.014268762190077677,0.010543478618470293,0.049371710096778196,0.01630862569282523,0.05283587326307462,-0.004439143837820829,0.04325411120325769,0.026228716852837064,0.024020725926782182,59,61,64,60,59,60,65,60,59,60,64,60,58,60,65,61,58,59,66,58
"($close - Min($low, 5)) / (Std($close, 5) + 1e-12)",-0.06599249240578545,-0.03171378521997086,-0.06599249240578545,2017Q3,1216,,-0.007627157559388308,-0.02311475527839484,-0.06106395223636828,-0.04648827202264558,-0.035376934985996235,-0.021633519193260196,-0.06599249240578545,-0.028010451871204763,-0.04022549524764055,-0.015942623139882064,-0.06146241132094039,-0.011332893021117507,-0.0183634858038261,-0.04900891195610362,0.003478909341543587,-0.044143604345726874,-0.003667968037961252,-0.03238197121457557,-0.043271384499988796,-0.02166059948354278,59,61,64,60,59,60,65,60,59,60,64,60,58,60,65,61,58,59,66,58
"Mean(Abs($close/Ref($close,1)-1)/($volume+1e-12), 5)",-0.022748046182105252,0.0070540472761479265,-0.022748046182105252,2016Q4,1216,,0.028642792824761596,0.017088741419036435,0.014728445798691375,-0.022748046182105252,0.0006356803648217591,0.009213992782521552,0.00629631185957267,0.016963812701918404,0.016463109231897626,0.005296202618388104,-0.01663244118952475,0.0032186886699305836,0.024001464637757527,-0.010769235652680635,0.0023935092219948264,-0.012111745859772758,0.01687644072577311,0.03074457570566141,0.011253542542087092,0.0023151991163784945,59,61,64,60,59,60,65,60,59,60,64,60,58,60,65,61,58,59,66,58
"Mean(Abs($close/Ref($close,1)-1),5)/(Mean($volume,5)+1e-12)",-0.024093082385572537,0.006854824319227709,-0.024093082385572537,2016Q4,1216,,0.031389252407305716,0.01656028322865854,0.012941433661705689,-0.024093082385572537,-0.0007940832581547917,0.0066117410158168044,0.006597821131096195,0.01713428491999703,0.017911656382979792,0.006801358344246699,-0.017378384179045657,0.0025634808377183326,0.024144905180525165,-0.009133012585426087,0.0025333371729527056,-0.013113704420422551,0.0159292206047099,0.030469302058054062,0.010081682740492029,0.002987870951400957,59,61,64,60,59,60,65,60,59,60,64,60,58,60,65,61,58,59,66,58
"Min($low, 5) / (Max($high, 5) + 1e-12)",-0.018588668607244754,0.025550116408001165,-0.018588668607244754,2017Q4,1216,,0.04727990554543125,0.05402661794279279,0.08226472786998122,0.07238372922564565,0.03647514663738979,0.030325459251508702,0.02406278873234206,-0.018588668607244754,0.007139751149638295,0.00652250896046157,0.011674533622257713,0.0314159590474055,-0.006132903435534372,0.04523356808704862,0.024965684320958317,0.009664996821380029,0.02730314190100452,-0.01051856361503222,0.039595779569871564,-0.010968227866887063,59,61,64,60,59,60,65,60,59,60,64,60,58,60,65,61,58,59,66,58
"Mean((If(Lt($open, $close), $open, $close) - $low) / ($high - $low + 1e-12), 5)",-0.050329970778145196,-0.01245787606443187,-0.050329970778145196,2016Q1,1216,,-0.050329970778145196,-0.00886567542879079,0.02359792381324755,0.0032653799903842695,0.004514692089821317,0.004950440434167449,-0.03185491983531399,-0.03522767690738664,-0.02958996602265892,-0.025625226165417816,-0.025303940121969765,-0.0187141737055277,-0.013897216587103255,-0.0056451373862516615,-0.007212709632587834,0.00718030317534628,-0.03845880158797846,0.005102087092486644,0.009824183217080692,-0.02140458175856185,59,61,64,60,59,60,65,60,59,60,64,60,58,60,65,61,58,59,66,58
"0 - Skew($close/Ref($close,1)-1, 20)",-0.024446281751724544,0.004972426230098741,-0.024446281751724544,2018Q4,1216,,0.011086179998093248,0.01700922594774188,0.04220489626110927,0.011221604304094983,0.020719108303560944,0.001624205558135923,0.025364056924542088,-0.003516207218659802,0.023442214755040776,0.0022776737670929083,-0.0005687044436551481,-0.024446281751724544,-0.004567139255679462,0.014234162691559296,-0.019394006259184873,-0.010283310102272809,-0.00730022043250019,-0.0037729052456006995,0.009711963538524928,-0.008447820411233441,59,61,64,60,59,60,65,60,59,60,64,60,58,60,65,61,58,59,66,58
"Sum($close * $volume, 20) / (Sum($volume, 20) * $close + 1e-12)",-0.003843461094434813,0.032577288693870894,-0.003843461094434813,2018Q4,1216,,0.07270435854784639,0.07373633783881402,0.09068679664286465,0.049042976129213746,0.047167145847474876,0.007777158438930591,0.060719437798880074,-0.002207322235842282,0.022032854174716066,0.011732039797704562,0.022364851850187724,-0.003843461094434813,0.03211547916741959,0.03425886154695469,0.031779627218005896,0.01925860339443942,0.009036418219626788,0.0194495403220911,0.03973403475739509,0.006186127152442626,59,61,64,60,59,60,65,60,59,60,64,60,58,60,65,61,58,59,66,58
"0 - Max($high/Ref($close,1)-1, 20)",-0.013670053004793953,0.02534911488755449,-0.013670053004793953,2020Q2,1216,,0.019219371251759553,0.05147109291728592,0.07703395379682268,0.055326535524758,0.04123576176376852,0.01708808666120215,0.03215587921840693,0.0015793778241097885,0.009908082687327761,0.006972614289610828,0.031259873870106133,0.00792424242903758,0.0006472658863564854,0.05127971902737771,0.03805065265759937,0.001952142545085462,0.017990968307907487,-0.013670053004793953,0.048218168024288695,0.000912568620965049,59,61,64,60,59,60,65,60,59,60,64,60,58,60,65,61,58,59,66,58
"0 - Mean($close/Ref($close,1)-1, 5) / (Std($close/Ref($close,1)-1, 5) + 1e-12)",-0.00994463704098365,0.03875317249133594,-0.00994463704098365,2018Q4,1216,,0.02212794623030371,0.0749201731539721,0.08975318879014993,0.05322928027635965,0.06419196578389573,0.037243516279154225,0.05970984756794172,0.025293042763262125,0.05031568413488758,0.019040370743386527,0.037178348539935166,-0.00994463704098365,0.043567342176597516,0.057786582567595585,0.008688695881969502,0.036786428440543514,0.00893141495532918,0.036782332532648634,0.059219485090101,-0.006960857212377789,59,61,64,60,59,60,65,60,59,60,64,60,58,60,65,61,58,59,66,58
"(Max($high, 5) - $close) / (Max($high, 5) - Min($low, 5) + 1e-12)",-0.01338717508089179,0.035500737017493886,-0.01338717508089179,2020Q1,1216,,0.0014049983245393886,0.05742819168505825,0.08062232092689327,0.051760264237986874,0.062872408624856,0.020265057732109848,0.06743088370499901,0.024840377171058622,0.047877030935305896,0.029468009031658783,0.062325885265834005,-0.0022402133381228123,0.020206569306679648,0.04698440737085042,0.010700317784935883,0.046671980734092317,-0.01338717508089179,0.03158325385615923,0.03573195710845727,0.01883690384874003,59,61,64,60,59,60,65,60,59,60,64,60,58,60,65,61,58,59,66,58
"Min($low, 20) / Min($low, 5)",-0.017429773342991627,0.019377267862809366,-0.017429773342991627,2018Q4,1216,,0.07650801648803544,0.03423637795192082,0.04353865284423062,0.03897241252090374,0.014702916978442325,0.007332000819666096,0.030591655204749248,-0.004903915053467919,0.00581911798104852,-0.0014609009142921797,0.019795125580075814,-0.017429773342991627,0.022043295934851957,0.025014374659050043,0.04045130300024408,-0.005581795255796932,0.0074784990999561835,-0.00012012084516148222,0.04207309123376919,0.0014732433433310263,59,61,64,60,59,60,65,60,59,60,64,60,58,60,65,61,58,59,66,58
"Mean(If($close < Ref($close,1), $volume, 0), 5) / (Mean($volume, 5) + 1e-12)",-0.010976914423065223,0.03692651532629856,-0.010976914423065223,2018Q4,1216,,0.03757508768352206,0.07148776188967688,0.06745719576319592,0.03899716411121043,0.052092185925227075,0.029677177412088484,0.0623777470046069,0.03181100000801921,0.04422892519249807,0.02463287666920041,0.029054861208400156,-0.010976914423065223,0.04520022527904653,0.0547245332934505,0.012321408451974466,0.026859053612677656,0.020538341763696736,0.05010516218836952,0.04612239320116443,0.0004538754806535846,59,61,64,60,59,60,65,60,59,60,64,60,58,60,65,61,58,59,66,58
"Corr($close/Ref($close,1)-1, $volume, 10)",-0.05195096574996301,-0.014278849959112785,-0.05195096574996301,2016Q3,1216,,-0.02022850359857236,-0.03830049205826733,-0.05195096574996301,-0.02167613957087586,-0.04013773154602064,-0.021621160563342845,-0.01881897302949378,-0.014967009057246138,-0.003130384842732864,-0.022918492635606903,-8.71485214527402e-06,0.005380803307396963,-0.00596169945318655,-0.015880648700585108,-0.00965218768493946,-0.000860580902712311,0.006656927937520845,-0.011207317642531951,-0.009530728035885387,0.012051463051137093,59,61,64,60,59,60,65,60,59,60,64,60,58,60,65,61,58,59,66,58
"(0 - Resi($close, 20)) / ($close + 1e-12)",-0.009454127997599773,0.030692482603381806,-0.009454127997599773,2016Q1,1216,,-0.009454127997599773,0.06379525711730695,0.07740973936878755,0.0608245334683357,0.05319472360490346,0.037930779118787866,0.04485280573489059,0.016595412176309707,0.043367666105408216,0.028138855108053275,0.04200629222762243,-0.009055403713271891,0.0014744168648866413,0.038815110401959244,0.0022029034687912692,0.047487316287406114,0.0016864469983727986,0.0468263109107741,0.01497731885150502,0.0062697348439782275,59,61,64,60,59,60,65,60,59,60,64,60,58,60,65,61,58,59,66,58
"Mean($open/Ref($close,1)-1, 5) / (Std($open/Ref($close,1)-1, 5) + 1e-12)",-0.022553251279385313,0.006211276427973123,-0.022553251279385313,2020Q1,1216,,-0.006416859430899371,0.0021909006463798402,-0.001410911554570463,-0.0029734996612048345,0.007143743780992975,0.025079142485498522,0.009806048580688315,0.03494407050337514,0.016753454886025733,-0.0017668264198408494,0.006899363758891698,0.003772095566641499,0.01131135922981925,0.00529226495646909,0.023052971605625572,0.005731364908396165,-0.022553251279385313,0.01511958605996062,-0.01576681461114324,0.00846492671159092,59,61,64,60,59,60,65,60,59,60,64,60,58,60,65,61,58,59,66,58
"Mean(($close - $open) / ($high - $low + 1e-12), 5)",-0.0758007752598353,-0.0383302564374401,-0.0758007752598353,2016Q3,1216,,-0.017798445023961215,-0.07528725211226586,-0.0758007752598353,-0.047089407183950306,-0.06074006308366886,-0.04829554408458295,-0.06353903471291446,-0.031170209897200065,-0.05484636496853554,-0.028543608157548507,-0.042523182726113454,0.005540421915681041,-0.043211861188316096,-0.05890048521165951,-0.011714858230051733,-0.033664683425122716,0.005265254066704002,-0.04105445005096217,-0.047023114520693785,0.010423989402112262,59,61,64,60,59,60,65,60,59,60,64,60,58,60,65,61,58,59,66,58
"Max($high, 20) / $close",-0.007740745050331818,0.015711152519313463,-0.007740745050331818,2020Q4,1216,,0.05841527065234562,0.033454826552394706,0.02578460790429918,-0.0014934672297787107,0.029258520077641764,0.0006448992231281333,0.04469946792321344,0.011426716132977327,0.030208719223541774,0.019127934364623865,0.0037435280596743786,0.0008870847360250308,0.032339133059810614,0.00687440403789728,-0.0016037398937333678,0.014054028478376052,-0.003578364694212159,0.021641530589823117,-0.0027793293520906497,-0.007740745050331818,59,61,64,60,59,60,65,60,59,60,64,60,58,60,65,61,58,59,66,58
"Max($high, 5) / ($close + 1e-12)",-0.017583869860446733,0.016373844626325875,-0.017583869860446733,2020Q1,1216,,0.004190524078052578,0.02006206420953069,0.0029260475293284814,-0.008791035388673301,0.03434423346760916,0.00573128907393835,0.042087732588151384,0.03190671012514487,0.04260548822423257,0.026922320211177565,0.03892715397490888,-0.012388555368623103,0.02146059016831712,0.01650846832044526,-0.007139181139873585,0.028657971374777203,-0.017583869860446733,0.035267272023991034,0.0018630885559521495,0.020331089030467122,59,61,64,60,59,60,65,60,59,60,64,60,58,60,65,61,58,59,66,58
"(Sum(If(Lt($close-Ref($close,1),0),Ref($close,1)-$close,0),5)-Sum(If(Gt($close-Ref($close,1),0),$close-Ref($close,1),0),5))/(Sum(Abs($close-Ref($close,1)),5)+1e-12)",-0.012823871853558756,0.036550764707304235,-0.012823871853558756,2018Q4,1216,,0.0240837746275928,0.07292654185518631,0.08686706119047612,0.04998562204000679,0.061266351143537436,0.037785482475491156,0.058114311269586494,0.022472445634175057,0.043587579111908296,0.017196104984423997,0.03603341768264905,-0.012823871853558756,0.04326498531218149,0.057233329643021386,0.005176156310493441,0.03255782222412586,0.0035696807969084867,0.035850077596509475,0.05763805594293217,-0.00900475230360265,59,61,64,60,59,60,65,60,59,60,64,60,58,60,65,61,58,59,66,58
"(Sum($close * $volume, 5) / Sum($volume, 5) - $close) / (Max($high, 5) - Min($low, 5) + 1e-12)",-0.008796442054868452,0.0298839856505269,-0.008796442054868452,2018Q4,1216,,-0.0038617505576028425,0.06704613537173101,0.0784072836626671,0.043575696626118626,0.05444402282352042,0.0013288671722840673,0.0541548450712978,0.012445630443898213,0.021309090987839965,0.017234235600477096,0.0600497513725792,-0.008796442054868452,0.008818928145649546,0.03558964387482783,0.012942940702824353,0.04794016187905971,-0.005192523162538507,0.038220294276552505,0.025814017352479502,0.027738858152278636,59,61,64,60,59,60,65,60,59,60,64,60,58,60,65,61,58,59,66,58
"Ref(Min($low, 5), 1) / (Min($low, 5) + 1e-12)",-0.023237453842918747,0.016655579013737504,-0.023237453842918747,2018Q4,1216,,-0.014582206149118565,0.027445312186112722,0.0463058627618669,0.01709715531058497,0.014747471658702596,0.02791222004669037,0.05387610401102252,0.011208846196825556,0.013336274364403995,-0.008047163113257545,0.009868949146325823,-0.023237453842918747,0.03126535085203002,0.032849763371913844,-0.0017250101992820443,0.011599417473954661,-0.003849815994997327,0.026524740879206993,0.054004534258076345,-0.0016639036864917116,59,61,64,60,59,60,65,60,59,60,64,60,58,60,65,61,58,59,66,58
"(Max($high,10) - $close) / (Max($high,10) - Min($low,10) + 1e-12)",-0.007363155088612546,0.03172486708978958,-0.007363155088612546,2018Q4,1216,,0.028798965525473497,0.06801434995973814,0.08332932518482092,0.05023877522970237,0.05085903815763192,0.022284459118943067,0.06085403375661596,0.004422460942930158,0.026000414919531385,0.024575705812638033,0.040027078361671534,-0.007363155088612546,0.02854712948143918,0.03191402050421758,0.02218868470338264,0.03302029567988953,0.0010728074166557321,0.03462856795348749,0.026207112230557092,-0.002881990948539779,59,61,64,60,59,60,65,60,59,60,64,60,58,60,65,61,58,59,66,58
"Min($low, 5) / $close * (Mean($volume, 20) / (Mean($volume, 5) + 1e-12))",-0.0062896760243003535,0.02567604812519722,-0.0062896760243003535,2020Q4,1216,,0.060239843173776,0.0398772873718521,0.057578402010686376,0.03505172267035447,0.04390339857691785,0.04346969043596376,0.030090711929276464,0.005231251196914923,0.016426781803083292,0.0073642555990394275,-0.0024084241063795204,0.005981945340323088,0.02483021081071922,0.0360519340894407,0.01713950263181211,0.018900452764022982,0.004952604512060943,0.047592239757020476,0.026705549470211778,-0.0062896760243003535,59,61,64,60,59,60,65,60,59,60,64,60,58,60,65,61,58,59,66,58
"Min($low, 5) / ( $close * (1 + Std($close / Ref($close, 1) - 1, 5)) )",0.004442111352129448,0.04029636003120769,0.004442111352129448,2019Q1,1216,,0.026718986040382392,0.06920640541891294,0.12231860189736626,0.0911668474656209,0.06166350088293691,0.03641170639662349,0.056555290832748656,0.008049929581558151,0.03212830296123041,0.00868948321269074,0.04443187126867394,0.01920093275527732,0.004442111352129448,0.06643532289760991,0.030764540330096245,0.03385942587041251,0.00866468073374147,0.016409407708204905,0.048801235168637,0.008774453835212033,59,61,64,60,59,60,65,60,59,60,64,60,58,60,65,61,58,59,66,58
"0 - (Mean(If(Gt($close - Ref($close, 1), 0), $close - Ref($close, 1), 0), 14) - Mean(If(Lt($close - Ref($close, 1), 0), Ref($close, 1) - $close, 0), 14)) / (Mean(If(Gt($close - Ref($close, 1), 0), $close - Ref($close, 1), 0), 14) + Mean(If(Lt($close - Ref($close, 1), 0), Ref($close, 1) - $close, 0), 14) + 1e-12)",-0.025835920164477156,0.021137361609376213,-0.025835920164477156,2017Q4,1216,,0.05967865027607671,0.05746790944337401,0.06287875757442572,0.029119694625878954,0.03571182966962322,0.004583627997823119,0.03901332918924527,-0.025835920164477156,0.0008309648647897622,-0.002995406766873527,0.0007966680917124924,-0.003334551588376412,0.03664880395879493,0.03699583214394556,0.02515511203797617,0.008503711202013192,0.01224937411337063,0.004341353269760911,0.045673963921659226,-0.011434321955077728,59,61,64,60,59,60,65,60,59,60,64,60,58,60,65,61,58,59,66,58
"(Ref($close,5) / (Min($low,5) + 1e-12)) - 1",-0.025159149193015828,0.019222048801303668,-0.025159149193015828,2018Q4,1216,,0.029788858339846194,0.03248451606807061,0.029666810621898153,-0.005022355549180211,0.034113455272291156,0.028040576824596982,0.03033526817678073,0.025574209305624308,0.04777732215920667,0.023009737164067796,0.00127512678721443,-0.025159149193015828,0.04179611047407687,0.02652346039631763,-0.014343818959555674,0.014221269126866616,-0.011683772040622974,0.028250663034003243,0.0571786988080359,-0.011188894218958141,59,61,64,60,59,60,65,60,59,60,64,60,58,60,65,61,58,59,66,58
"0 - Log($close / Mean($close, 20))",-0.0019340382739993437,0.03369968701830534,-0.0019340382739993437,2018Q4,1216,,0.07340639547062232,0.07307409415705737,0.09175495113331592,0.04879255150236706,0.045869212649917626,0.009365826296149479,0.05835117533353931,4.220382422509963e-05,0.021794270257596837,0.014039029576612313,0.019690879619929925,-0.0019340382739993437,0.03177469440958988,0.03798795216189022,0.03349204687024469,0.016477823156681663,0.014270462597278929,0.021603611567481525,0.049911050840531226,0.006098516771860342,59,61,64,60,59,60,65,60,59,60,64,60,58,60,65,61,58,59,66,58
"0 - Mean(Power(If(Lt($close/Ref($close,1)-1, 0), $close/Ref($close,1)-1, 0), 2), 20)",-0.032668808029888106,0.005675573956231586,-0.032668808029888106,2019Q1,1216,,-0.03210496679256976,0.002921894299760253,0.021720574480026174,0.046856090955574074,0.000865901954486876,0.0217023583698868,-0.008501436269850678,-0.009924907666542382,-0.008119634087049906,-0.00745995413192708,0.027065573106758237,0.02896722255630866,-0.032668808029888106,0.02414862372055439,0.030187309894396663,0.006248345716594824,0.0031230782821479626,-0.01729542554623525,0.017595101666069046,-0.009520327765205587,59,61,64,60,59,60,65,60,59,60,64,60,58,60,65,61,58,59,66,58
"Min($low, 10) / ($close + Std($close, 10))",-0.008637319529249766,0.03304045096809199,-0.008637319529249766,2017Q4,1216,,0.043836785469504654,0.06507151646573499,0.10785331655429917,0.07793988035696736,0.040169516682918786,0.03556629614115503,0.05327818853194188,-0.008637319529249766,0.004877998138374408,-0.00258445085443107,0.027687723968657076,0.012741635894529283,-0.0041896746196350846,0.05519999046502657,0.03674850637851694,0.022392236185205576,0.013860397922935615,0.015465375529619232,0.05537996338574454,-0.0046661147250270305,59,61,64,60,59,60,65,60,59,60,64,60,58,60,65,61,58,59,66,58
"Mean(Abs($close/Ref($close,1)-1)/($volume*$close+1e-12), 20)",-0.036126992806106255,-0.005917735191262424,-0.036126992806106255,2019Q2,1216,,0.028180172087121376,-0.006303467203969722,0.019561345897028275,0.0008222239033882575,0.0011988245104411783,-0.013385959331029576,-0.0026476336085868406,-0.022958379023516447,0.004782292731121232,-0.025421064504362916,-0.0048495300354211525,0.011005787696272619,0.0021872842642645094,-0.036126992806106255,-0.015136610068982715,-0.02100561563333107,0.0016350840560892441,-0.03398055386825069,0.011774413444735015,-0.020022436444446824,59,61,64,60,59,60,65,60,59,60,64,60,58,60,65,61,58,59,66,58
"Delta(Min($low, 5) / $close, 5)",-0.009346175561743797,0.03195024772153434,-0.009346175561743797,2019Q3,1216,,0.004354907641594696,0.06410922469592302,0.08002410070872672,0.05236078023413017,0.06704563504679979,0.021416994420922868,0.0442842208705581,0.036574247774493904,0.03717663053792973,0.01864735693014137,0.03131160308681497,0.013859230638921936,0.01929732963592088,0.061187306290507414,-0.009346175561743797,0.037535300961299305,-0.003547331395770929,0.02351581569455731,0.03110034356121178,0.004351091028618037,59,61,64,60,59,60,65,60,59,60,64,60,58,60,65,61,58,59,66,58
"Quantile($close, 20, 0.1) / $close",-0.020951950514196887,0.0316883689047843,-0.020951950514196887,2018Q4,1216,,0.05020317488007245,0.07388221362692517,0.0947323456382065,0.060393807699985064,0.047544867379342735,0.009618168487002077,0.053399861816496835,0.004020183731208425,0.0047260253487319435,-0.004984135244865754,0.032852888207431416,-0.020951950514196887,0.018705634998703247,0.05328175502763096,0.03665098089525125,0.01883904394859451,0.006872263518728275,0.017068293721577168,0.057511216545147986,0.0076443561737273005,59,61,64,60,59,60,65,60,59,60,64,60,58,60,65,61,58,59,66,58
"0 - Min($close / Ref($close, 1) - 1, 20)",-0.04323774291594281,-0.008315668835806303,-0.04323774291594281,2016Q4,1216,,0.018373819195051447,-0.004447801158229972,-0.017615837280913843,-0.04323774291594281,-0.0036452156400719614,-0.024417607161684157,0.008848955843446827,0.0065728946599817005,0.011461492366265386,-0.003077754725506533,-0.029294184448803936,-0.03097196149365936,0.018632250118144705,-0.020460641669464517,-0.03545536185384644,-0.010976521306026192,-0.0073142052049269156,0.01667400850953554,-0.016530879322049094,0.006928727838037557,59,61,64,60,59,60,65,60,59,60,64,60,58,60,65,61,58,59,66,58
"(Min($low, 5) / $close) * (Sum(If(Ge($close, Ref($close, 1)), $volume, 0), 5) / (Sum($volume, 5) + 1e-12))",-0.057014938358198645,-0.0303646451239801,-0.057014938358198645,2016Q3,1216,,-0.024569896549570865,-0.050182528031913864,-0.057014938358198645,-0.026959438256932703,-0.044689734212201716,-0.02170989705734552,-0.05511998453737953,-0.027414868951412978,-0.039304337228617515,-0.018782988463560045,-0.022083523843478246,0.019647499979021325,-0.045869062008807096,-0.04421298863759001,-0.009575088842185546,-0.024732034585133397,-0.017514423433443557,-0.05040687828150789,-0.04308537987998109,-0.00036242688793789677,59,61,64,60,59,60,65,60,59,60,64,60,58,60,65,61,58,59,66,58
"Min($low, 5) / ($close + 1e-12) * (1 + Log(Mean($volume, 5) / (Mean($volume, 20) + 1e-12)))",-0.054424231221368996,-0.018647905073259724,-0.054424231221368996,2016Q1,1216,,-0.054424231221368996,-0.026356461414820495,-0.042608049295992455,-0.02313501155849829,-0.03511297294687391,-0.038991784556142085,-0.021377802192048777,-0.00249225866792009,-0.009400393493552482,-0.0033491831300919736,0.01126624241858636,-0.0017445925505304798,-0.022568613546542965,-0.022575198423490025,-0.013846953883902103,-0.013037633390379654,0.0008696032755453898,-0.049386036520203506,-0.014834301723321073,0.00945956307792321,59,61,64,60,59,60,65,60,59,60,64,60,58,60,65,61,58,59,66,58
"Min($low,5) / $close / (Mean(Min($low,5) / $close, 20) + 1e-12)",-0.006639291694736335,0.0336137017677894,-0.006639291694736335,2019Q3,1216,,0.029282574556761712,0.05875406181698009,0.07528434998409497,0.062142227272841355,0.0630493869878941,0.035944276972603606,0.051941425327498965,0.0323482052397036,0.03116624283570302,0.029283614033251883,0.027877286229946743,0.01667024157260168,-0.0017653726196024354,0.03562088695586056,-0.006639291694736335,0.055682580885926106,-0.0036318044874442275,0.047033760535145304,0.021139479790542978,0.008319315416082126,59,61,64,60,59,60,65,60,59,60,64,60,58,60,65,61,58,59,66,58
"0 - Max($high / Ref($close, 1) - 1, 10)",-0.011539040650659839,0.022226624404741564,-0.011539040650659839,2017Q4,1216,,0.015320218091929808,0.053813979340350065,0.08096064799159035,0.06088596161072893,0.0396710200719126,0.024810755152944643,0.023410291003276643,-0.011539040650659839,-0.011422584490059546,-0.0048913722339710706,0.011669886404171428,0.012733941266041186,-0.011315510067538776,0.04086913809144155,0.04372872286672171,0.005244439876389969,0.014563403669325896,-0.0038120007912974805,0.044450249396477154,0.0050469275471836,59,61,64,60,59,60,65,60,59,60,64,60,58,60,65,61,58,59,66,58
"Min($low, 5) / Max($high, 5)",-0.018588668607244754,0.025550116408001165,-0.018588668607244754,2017Q4,1216,,0.04727990554543125,0.05402661794279279,0.08226472786998122,0.07238372922564565,0.03647514663738979,0.030325459251508702,0.02406278873234206,-0.018588668607244754,0.007139751149638295,0.00652250896046157,0.011674533622257713,0.0314159590474055,-0.006132903435534372,0.04523356808704862,0.024965684320958317,0.009664996821380029,0.02730314190100452,-0.01051856361503222,0.039595779569871564,-0.010968227866887063,59,61,64,60,59,60,65,60,59,60,64,60,58,60,65,61,58,59,66,58
($open + $close - $high - $low) / ($high - $low + 1e-12),-0.07006381710736778,-0.025679914062387267,-0.07006381710736778,2018Q3,1216,,-0.02189077857091731,-0.0010065429044853334,0.004679411824176434,-0.011328352704883193,-0.013525761650813137,-0.02365484703430588,-0.03865282866427142,-0.030393616039866834,-0.040386027439010284,-0.049485834529812936,-0.07006381710736778,-0.05023897462095961,-0.024262401118588545,-0.0113179068119571,-0.029052631047562304,-0.009566838958449205,-0.04209981185535312,-0.00655536314230907,-0.015160758355466715,-0.029352313120585873,59,61,64,60,59,60,65,60,59,60,64,60,58,60,65,61,58,59,66,58
"0 - Log(Mean($volume * $close, 20))",-0.03822462328721913,0.004763045381566174,-0.03822462328721913,2020Q2,1216,,0.03128734852512806,0.018007318058162802,0.04833708178380532,0.030002270572706526,0.0147900190641594,-0.003884783341813927,0.00611713674420305,-0.024216459159678478,0.008343837541720491,-0.017400229994008257,0.0035329506293494007,0.02606977776446996,-0.0013463917251799091,-0.008552723140846345,0.004835900078739313,-0.017079891755870893,0.0024359415460701614,-0.03822462328721913,0.026954926282578985,-0.020952203508338794,59,61,64,60,59,60,65,60,59,60,64,60,58,60,65,61,58,59,66,58
"Min($low, 5) / (Min($low, 20) + 1e-12)",-0.07650849609644053,-0.019377289825604337,-0.07650849609644053,2016Q1,1216,,-0.07650849609644053,-0.03423550944671775,-0.04353865284423062,-0.03897233142541282,-0.014703523254246603,-0.007332000819666096,-0.030591794793640735,0.004903915053467919,-0.00581911798104852,0.0014617595615491104,-0.019795125580075814,0.017430678167351093,-0.022043260464399233,-0.02501513753453688,-0.040451300195508105,0.005582245280336374,-0.0074789586051341415,0.00011957520738525997,-0.04207294982357019,-0.001474133461641676,59,61,64,60,59,60,65,60,59,60,64,60,58,60,65,61,58,59,66,58
"Sum(If(Gt(Ref($low,1) - $open, 0), Ref($low,1) - $open, 0), 5) / (Max($high,5) - Min($low,5) + 1e-12)",-0.01260288561798567,0.006386636320525904,-0.01260288561798567,2019Q2,1216,,0.012623421720841905,0.019355321655982815,-0.008682882294747124,0.008308511388168625,0.011889554233449845,-0.0021440873326588044,0.008908418257023511,0.003705526702065289,0.01676273254819308,0.014360220727726192,0.004696170830212133,0.01617590474119789,0.0066232078839086155,-0.01260288561798567,-0.002303768463066805,-0.008137731740684204,0.031286643106565794,0.00739345284340158,0.011098325431815818,-0.009710495065795374,59,61,64,60,59,60,65,60,59,60,64,60,58,60,65,61,58,59,66,58
"Min($low, 5) / $close * (1 - Std($close / Ref($close, 1) - 1, 10) / (Std($close / Ref($close, 1) - 1, 20) + 1e-12))",-0.035922158896112416,-0.0008753065466709466,-0.035922158896112416,2018Q3,1216,,0.00076943694532772,0.017741688970774067,0.024182333723113184,0.0075520397158057384,0.000594916516074392,0.001383950183581518,-0.014619882675232138,-0.02252403657206282,-0.027923300130541142,-0.01289568746178028,-0.035922158896112416,0.002406326571904433,-0.007597794383229522,0.005063095883433329,0.020047749201860494,0.006681061857746385,0.00018582129363602402,0.020438323873775765,-0.0033991620718282502,1.0198399311975134e-05,59,61,64,60,59,60,65,60,59,60,64,60,58,60,65,61,58,59,66,58
"Min($low, 5) / (Min($low, 10) + 1e-12)",-0.06072203355937038,-0.022481409050802245,-0.06072203355937038,2016Q1,1216,,-0.06072203355937038,-0.04018690933805164,-0.048225301054752805,-0.03566192374644884,-0.010741916592567104,-0.03183720328422989,-0.03767281493247711,0.005130192355008937,-0.015317759813926649,-0.01666243441495873,-0.006796033970175819,-0.00829408068478947,-0.017126863274830952,-0.013499157784417317,-0.04137733500507043,-0.00895658434373589,-0.0034733579824955734,-0.025963332278004517,-0.03913133344911996,0.013774132463702647,59,61,64,60,59,60,65,60,59,60,64,60,58,60,65,61,58,59,66,58
"Corr(($close - Ref($close, 1)) / (Ref($close, 1) + 1e-12), $volume, 10)",-0.0519500478920006,-0.014278755050022606,-0.0519500478920006,2016Q3,1216,,-0.02022850359857236,-0.03830024497820963,-0.0519500478920006,-0.0216750257939566,-0.0401385319271863,-0.021620493892850402,-0.018820066340888005,-0.014967812345418984,-0.003130384842732864,-0.022917560309882425,-9.500969422386645e-06,0.005381469215078528,-0.005960709729564375,-0.015880648700585108,-0.009652119307192026,-0.0008611831670624872,0.0066566067512215795,-0.011205996925615653,-0.009531374250868668,0.012051702993117572,59,61,64,60,59,60,65,60,59,60,64,60,58,60,65,61,58,59,66,58
"Mean(($high - $close) / ($high - $low + 1e-12), 5)",0.003887964870968655,0.041762284788527726,0.003887964870968655,2020Q4,1216,,0.029062471053383745,0.0686628547245209,0.04585875498933284,0.041462465261028585,0.05291396670245271,0.02910216074802714,0.0720016892337801,0.04741699853113808,0.08586058375323724,0.043588682164566815,0.05227275946956276,0.014081819682949213,0.050591798732293525,0.06959896400534737,0.009887306733219272,0.026308163997722678,0.022878419281688135,0.03182838530595478,0.03643038582683859,0.003887964870968655,59,61,64,60,59,60,65,60,59,60,64,60,58,60,65,61,58,59,66,58
"$close / Max($high, 252)",-0.04483545719939858,0.009450013299864949,-0.04483545719939858,2016Q1,1216,,-0.04483545719939858,0.01713837065052568,-0.004259805723283611,-0.00674824214448259,0.023835520381590793,0.040747602577851906,-0.011284164761377715,0.04257918935198394,-0.014264045738227222,0.04169088621663721,0.01667099488652559,-0.0005608390056174742,-0.03790855029185967,0.031123906462031982,0.007916184458382018,0.009454190712979533,0.00912037727908785,0.03140094325880756,-0.0049705311653869735,0.04464501285168315,59,61,64,60,59,60,65,60,59,60,64,60,58,60,65,61,58,59,66,58
"Min($low, 5) / $close * Mean(($high - $close) / ($high - $low + 1e-12), 5)",0.004744762311339588,0.044564643693588805,0.004744762311339588,2020Q4,1216,,0.030714860732859176,0.07481130415329598,0.0559323451777781,0.04860543765267976,0.057024704096730765,0.0316655249786055,0.07406036404805623,0.047879261730118756,0.0855140130984752,0.04239775548126561,0.05523314067732096,0.015595087408337562,0.050546679604644124,0.07650977872681083,0.011956665468979093,0.029234680547336443,0.024439970897365406,0.031761007356779794,0.0402825820860998,0.004744762311339588,59,61,64,60,59,60,65,60,59,60,64,60,58,60,65,61,58,59,66,58
"(Max($high, 5) - $close) / (Max($high, 5) - Min($low, 5) + 1e-12) - (Max($high, 20) - $close) / (Max($high, 20) - Min($low, 20) + 1e-12)",-0.05672461549384827,0.010926800679234005,-0.05672461549384827,2016Q1,1216,,-0.05672461549384827,0.0022603219065848415,0.023656883391433212,0.011379637012448764,0.023031917737096032,0.002442379556618771,0.011715950734403915,0.026580407259044238,0.016892108963195016,0.01969150165212055,0.05155938668937249,0.015368365471050355,-0.015913585845326435,0.014336103134900736,-0.014841774509233352,0.03846085954482374,-0.00813329297517957,0.015370612174349053,0.002637402900412003,0.03636983057119672,59,61,64,60,59,60,65,60,59,60,64,60,58,60,65,61,58,59,66,58
"Sum($close * $volume, 5) / (Sum($volume, 5) * $close + 1e-12) - 1",-0.0018918666208914187,0.03694788000941054,-0.0018918666208914187,2018Q4,1216,,0.012857978280811273,0.08480799072427143,0.09577577403329628,0.05833362410985301,0.06541489799672316,0.010099818966553735,0.06083402358269106,0.019221032204890683,0.03856062570262164,0.01836453923111824,0.04880816876385584,-0.0018918666208914187,0.007844794983356133,0.04783506333642451,0.008216157736228177,0.05581292520211563,-0.0010911820060407495,0.04517851840418132,0.03068827069992421,0.026129910344034366,59,61,64,60,59,60,65,60,59,60,64,60,58,60,65,61,58,59,66,58
"0 - Mean(If(Gt($close / Ref($close, 1) - 1, 0), $close / Ref($close, 1) - 1, 0), 10)",-0.015709012358292217,0.025156200853048684,-0.015709012358292217,2017Q4,1216,,0.023207574324298316,0.045112211600069986,0.0850323889778388,0.06541564398341425,0.04514895114875389,0.02852230091360491,0.031769774891621874,-0.015709012358292217,-0.004316616845552946,-0.00689794972217434,0.012505468026320524,0.011836291141301946,-0.0030152366478232054,0.045915761367598146,0.04305710220045632,0.014727338528308247,0.028711531878593616,0.0006915984601059282,0.04254522055705057,-0.0004991878900179547,59,61,64,60,59,60,65,60,59,60,64,60,58,60,65,61,58,59,66,58
"0 - Min($low / Ref($close, 1) - 1, 20)",-0.05168293942482803,-0.012925929544305787,-0.05168293942482803,2018Q3,1216,,0.006467548329494469,-0.019082199998078662,-0.030108639292852245,-0.05138546913534725,-0.003961439788985425,-0.02431446235331182,-0.0014600973420470194,0.004950992260929022,-0.003186023314112744,0.00024645400533481767,-0.05168293942482803,-0.029487503402685057,0.024305485458793814,-0.02229457745873238,-0.03233391162277711,-0.013287568383366687,-0.011093569022561615,0.023359616087361777,-0.020443103412736544,0.004652110784372635,59,61,64,60,59,60,65,60,59,60,64,60,58,60,65,61,58,59,66,58
"Min($low, 5) / $close * (1 + If(Gt($open, $close), ($open - $close) / ($open + 1e-12), 0))",0.005396414971264537,0.050841713089347436,0.005396414971264537,2019Q1,1216,,0.04399018037949355,0.08231362210307169,0.1284899824689634,0.09882544451595245,0.07132063302021231,0.03079289018525137,0.07432738130059793,0.032128675331767144,0.0406283918908442,0.034196346701656895,0.06190159982842083,0.0113244631474588,0.005396414971264537,0.0877306766284775,0.030383427248603292,0.046507446930430206,0.013074497925986608,0.03167102097373234,0.05513407150249545,0.025777573714489858,59,61,64,60,59,60,65,60,59,60,64,60,58,60,65,61,58,59,66,58
"Min($low, 5) / (Ref($close, 1) + 1e-12)",-0.004885807248186662,0.028911658158194343,-0.004885807248186662,2020Q2,1216,,0.07107149596695705,0.03361549873745441,0.07166456627622507,0.052872356206563983,0.04040697387039809,0.05379323892832558,0.029179900626066645,-0.003853135378251217,0.03720324745739922,0.021357756146491342,0.019914725386525976,0.041312946217682535,0.018756518340253787,0.026024273480575216,0.0034556333766368923,0.010035304904417848,0.01982596663164755,-0.004885807248186662,0.0357670785576978,-0.001057296903288952,59,61,64,60,59,60,65,60,59,60,64,60,58,60,65,61,58,59,66,58
"0 - (Mean(If(Gt($close - Ref($close, 1), 0), $close - Ref($close, 1), 0), 14) / (Mean(If(Lt($close - Ref($close, 1), 0), Ref($close, 1) - $close, 0), 14) + 1e-12))",-0.026092522131863187,0.020749817365046302,-0.026092522131863187,2017Q4,1216,,0.058522968050294985,0.056003941886515356,0.06305168945423528,0.029308732044262018,0.03568994930600356,0.0033807745488511893,0.03846554994538197,-0.026092522131863187,-0.00014857727976894203,-0.0035308223747091676,0.0003335545310671739,-0.004539455464280645,0.03664880395879493,0.036995557568891536,0.02515459243384767,0.008370208027388987,0.01224937411337063,0.004143219210336283,0.04567430904929647,-0.011434321955077728,59,61,64,60,59,60,65,60,59,60,64,60,58,60,65,61,58,59,66,58
"Mean((If(Lt($open, $close), $open, $close) - $low) / ($high - $low + 1e-12), 10)",-0.040819481208492644,-0.006489421229787446,-0.040819481208492644,2018Q1,1216,,-0.019703579922910854,-0.011790928801311178,0.026983927264371488,0.014349427128079687,0.0074685280458065524,0.012906945416566043,-0.015376473459766919,-0.029800924397042083,-0.040819481208492644,-0.006825562903569203,-0.01807164792765145,-0.0067414223499917695,-0.016744442512522658,0.0004908365704880844,0.006739583316127387,0.0038793948216458026,-0.039287135757838466,0.0059643393752529,0.0018574876508632163,-0.009908962846776422,59,61,64,60,59,60,65,60,59,60,64,60,58,60,65,61,58,59,66,58
"Abs($close / Ref($close, 1) - 1) / (Mean($volume, 5) + 1e-12)",-0.021383866252570893,0.006743030650897437,-0.021383866252570893,2019Q4,1216,,0.04000732650472985,0.001118672311143981,-0.002274902661544559,-0.020846169005446613,-0.014148758820037083,0.002337066235688317,-7.473525473858265e-05,0.025794672900802538,0.01184980026545876,0.02374134280214213,0.007594283835339314,0.009686894184875743,0.0113185852824067,-1.4406601004285144e-05,0.002739323752357913,-0.021383866252570893,0.012026908863867643,0.023172094064334386,0.01852298254469018,0.005372356140320728,59,61,64,60,59,60,65,60,59,60,64,60,58,60,65,61,58,59,66,58
"Mean(Abs($close / Ref($close, 1) - 1) / ($volume + 1e-12), 20)",-0.021233266890651522,0.0026914553026368498,-0.021233266890651522,2016Q4,1216,,0.01899484743528229,0.009724454343914606,0.007250691397236352,-0.021233266890651522,-0.0021795727395034106,-0.00022478185887068978,-0.001295343628610633,0.011757773191609129,0.011229082235097223,0.002855984603522496,-0.021042781950384334,0.00021020279536907607,0.01768603302299426,-0.016279876276869814,-0.0009300354380683793,-0.015452600047198983,0.018612126950905642,0.027373606360720795,0.00892758795390935,0.001038515847369189,59,61,64,60,59,60,65,60,59,60,64,60,58,60,65,61,58,59,66,58
"Min($low, 5) / $close * (1 + Log(Mean($volume, 20) / (Mean($volume, 5) + 1e-12) + 1e-12))",-0.006347091282102062,0.025771555210028396,-0.006347091282102062,2020Q4,1216,,0.05987189635317389,0.04041427286634401,0.05778739646186458,0.03465229553480829,0.04351921272044877,0.04339037109890106,0.030292211442847904,0.005077145307522148,0.016774849986799928,0.007895862117478966,-0.0025102036536880884,0.005845870091556726,0.024922189521321626,0.03649202850947474,0.017359829896456448,0.01867672299477075,0.005253298452823729,0.04775361280376815,0.02739426141482079,-0.006347091282102062,59,61,64,60,59,60,65,60,59,60,64,60,58,60,65,61,58,59,66,58
"Mean(If(And(Lt($close, Ref($close, 1)), Gt($close, $open)), $close - $open, 0), 5) / (Max($high, 5) - Min($low, 5) + 1e-12)",-0.01798638695131455,-0.005293597385080034,-0.01798638695131455,2017Q3,1216,,0.008399452861521522,-0.008412258067938477,-0.015069611181731632,-0.014354257156968411,-0.010626273549761468,-0.005278697461056415,-0.01798638695131455,-0.007496564148935058,-0.005887916967982153,-0.009316738421559275,-0.016065569786966084,-0.00761486275640527,-0.017025365424946433,-0.005081709934219806,-0.0010663253438576155,0.007279610992874335,0.016550134726520296,0.005035013969883664,-0.005756814666736451,0.006912785711385849,59,61,64,60,59,60,65,60,59,60,64,60,58,60,65,61,58,59,66,58
"0 - Skew($close / (Ref($close, 1) + 1e-12) - 1, 20)",-0.024446281751724544,0.004972426230098741,-0.024446281751724544,2018Q4,1216,,0.011086179998093248,0.01700922594774188,0.04220489626110927,0.011221604304094983,0.020719108303560944,0.001624205558135923,0.025364056924542088,-0.003516207218659802,0.023442214755040776,0.0022776737670929083,-0.0005687044436551481,-0.024446281751724544,-0.004567139255679462,0.014234162691559296,-0.019394006259184873,-0.010283310102272809,-0.00730022043250019,-0.0037729052456006995,0.009711963538524928,-0.008447820411233441,59,61,64,60,59,60,65,60,59,60,64,60,58,60,65,61,58,59,66,58
"Mean(If(Gt($close - Ref($close, 1), 0), $volume, 0), 10) / (Mean(If(Lt($close - Ref($close, 1), 0), $volume, 0), 10) + 1e-12)",-0.0532472651290405,-0.025141765614536123,-0.0532472651290405,2016Q3,1216,,-0.05313386751867759,-0.036263471067025536,-0.0532472651290405,-0.04075715857308092,-0.037343466045457824,-0.020157501868480535,-0.04911974636902072,-0.013761430487067764,0.005798417820870805,-0.02173659980075075,-0.015955459175575906,0.0032810615519669045,-0.022389353098364404,-0.024031773645368796,-0.0208538241215906,-0.016053723351750607,-0.03392734654908207,-0.02978343020610585,-0.021610465978387873,0.0012406935199976688,59,61,64,60,59,60,65,60,59,60,64,60,58,60,65,61,58,59,66,58
"1 - $open / Ref($close, 1)",-0.04210992795042862,-0.011591214068824456,-0.04210992795042862,2018Q4,1216,,-0.012225405569039385,-0.0037052270867583264,0.010825548805149751,-0.013192213836715375,-0.009587450312142073,-0.028522843152016406,0.0036154183053079846,-0.0025174453848886822,-0.006633051828164253,-0.035449006381287666,0.004842147242844423,-0.04210992795042862,-0.0279209214136346,-0.007207953919681158,-0.025680968534012034,0.016976872488527927,-0.014044955290924902,0.005906106714644637,-0.03047633397085027,-0.016511859866816178,59,61,64,60,59,60,65,60,59,60,64,60,58,60,65,61,58,59,66,58
"0 - Max($close / Ref($close, 1) - 1, 20)",-0.01700905710102286,0.01995101540316928,-0.01700905710102286,2020Q2,1216,,0.016945177366389546,0.030058372855415343,0.07035218296882471,0.057582549506256554,0.032207478194395484,0.012325642048020965,0.029029257302282417,-0.007240167360328718,0.014988312980856351,-0.005799767797948746,0.026887147655307336,0.0022959446829230973,-0.0013081045189226527,0.04367874226161512,0.026361577772603038,0.0010454440435572851,0.01718902019120915,-0.01700905710102286,0.04614022368725113,-0.006522875658197668,59,61,64,60,59,60,65,60,59,60,64,60,58,60,65,61,58,59,66,58
"0 - Resi($close, 20) / (Std($close, 20) + 1e-12)",-0.029494262059283367,0.020976871885708508,-0.029494262059283367,2018Q4,1216,,0.002899756778416924,0.05412576180859893,0.07121467207389869,0.042933806248632696,0.04643639111040069,0.023939844677268795,0.040049228141087204,0.003542365785979179,0.02461293786603384,0.003874763348079523,0.031187179984920838,-0.029494262059283367,-0.008139387427475067,0.01963689053324161,0.0018694623476176275,0.025396615453787248,0.001420724502996263,0.04735632468333825,0.015203658378773402,-0.004451809392790481,59,61,64,60,59,60,65,60,59,60,64,60,58,60,65,61,58,59,66,58
"0 - Resi($close, 10) / ($close + 1e-12)",-0.03534920643761838,0.018763770143583443,-0.03534920643761838,2016Q1,1216,,-0.03534920643761838,0.06673405046201122,0.061133349178840134,0.025614704644482116,0.04030289845855601,-0.020738665991749148,0.027301927936274895,0.01841829832527197,0.02995782692087107,0.00652948153977082,0.03416483371329546,-0.01432149369258167,-0.006744337607970256,0.045015029554617704,-0.007689663600959806,0.047761652711480376,-0.01801445359311601,0.03501550367561316,0.0059733924171975015,0.030063036328167047,59,61,64,60,59,60,65,60,59,60,64,60,58,60,65,61,58,59,66,58
"Sum(($close - $low - ($high - $close)) / ($high - $low + 1e-12) * $volume, 5) / (Sum($volume, 5) + 1e-12)",-0.07872979144141676,-0.03996059599175958,-0.07872979144141676,2018Q1,1216,,-0.024737343727883273,-0.06600453887594171,-0.05372313455407539,-0.04412439992212246,-0.05903363470785671,-0.03419851836079022,-0.06987320289076301,-0.04933437589591405,-0.07872979144141676,-0.0377299727545665,-0.0483383570340238,-0.0037707729703109778,-0.05260430276650378,-0.0702451433543041,-0.01106266651446714,-0.0206355356654113,-0.014742287651608434,-0.03033123257907832,-0.029925885674243258,0.0018658040201746595,59,61,64,60,59,60,65,60,59,60,64,60,58,60,65,61,58,59,66,58
"(10 - IdxMin($low, 10)) / 10",-0.03454415540798794,-0.013713985142061373,-0.03454415540798794,2017Q3,1216,,-0.01240856527711328,-0.02543565597094458,-0.020464406789093448,-0.01713198492353147,-0.0168129456777765,-0.009411917544432347,-0.03454415540798794,-0.008291267316772526,-0.0023363790412365307,-0.0012770746844048635,-0.009594421751346513,0.0077897605993535995,-0.015804038175322433,-0.013850052761575662,-0.03265171568379184,-0.006000488286567494,-0.022230017072603643,-0.016967943070217886,-0.015154316545266337,0.002283309649635273,59,61,64,60,59,60,65,60,59,60,64,60,58,60,65,61,58,59,66,58
"Min($low, 5) / $close * (1 + If(Gt($low / Ref($close, 1) - 1, 0), $low / Ref($close, 1) - 1, 0))",0.011989553803898786,0.04761978134537934,0.011989553803898786,2019Q1,1216,,0.03888681500678948,0.07904721560319457,0.1336633795757302,0.09908047825210203,0.0649518070043532,0.03776093482732192,0.07113994092088208,0.022457676113357684,0.04401928646153453,0.02612455545971297,0.05649847938974261,0.014334499642110341,0.011989553803898786,0.07259912995870561,0.02445896517081706,0.04177669743719303,0.015181437479727835,0.0209486794775857,0.05036578944102974,0.01637970360249098,59,61,64,60,59,60,65,60,59,60,64,60,58,60,65,61,58,59,66,58
"0 - Mean(($high - $low) / ($close + 1e-12), 20)",-0.028262565122840796,0.02264406401150011,-0.028262565122840796,2020Q2,1216,,0.011159961611272298,0.04726417942335907,0.07056176188768756,0.07248913141246738,0.029494735358393875,0.015921644037643668,0.026100662810286463,-0.012231376115646099,0.0057958919863372454,-0.007502961848126088,0.04411058776148409,0.03289211869021604,-0.005497338532722636,0.0529198184096992,0.03946811654181575,0.004864973092625566,0.018755483409133907,-0.028262565122840796,0.03084285616584065,-0.006770591241961052,59,61,64,60,59,60,65,60,59,60,64,60,58,60,65,61,58,59,66,58
"Corr(Rank($volume, 20), $close / (Ref($close, 1) + 1e-12) - 1, 20)",-0.05444138020082955,-0.018298364961876867,-0.05444138020082955,2016Q3,1216,,-0.0334277041027475,-0.04002648862071808,-0.05444138020082955,-0.014716345231726158,-0.03323980499505231,-0.015156370607462964,-0.026313843827496367,-0.00831867166405138,-0.02221769192297226,-0.025452534535490092,0.007097203630458759,-0.00868944733402974,-0.022640053168945046,-0.0405655685897278,-0.0027213003367249438,0.00668322598038068,3.8502847256332324e-05,-0.007901468088286,-0.023203303746719448,0.0004671830986477098,59,61,64,60,59,60,65,60,59,60,64,60,58,60,65,61,58,59,66,58
"0 - Corr($open, $volume, 10)",-0.007987702213273922,0.009681381040878657,-0.007987702213273922,2019Q4,1216,,-0.007381590893488526,-0.0015300389418031928,0.0027447929514917233,0.018128276474679416,0.005476447070407169,0.015525620390563368,0.020920958072262276,-0.00044228579506403945,0.0014894679305537126,0.010392585794349936,0.0023544718584476666,0.009206228777508409,0.03052748184275467,0.017076928612620425,0.003169229612376718,-0.007987702213273922,0.03130969351534236,0.011665294396790567,0.022568485603606213,0.00910140415848095,59,61,64,60,59,60,65,60,59,60,64,60,58,60,65,61,58,59,66,58
"Corr($close, $volume, 20) * Sign($close - Ref($close, 20))",-0.069780943545053,-0.020160600567225212,-0.069780943545053,2016Q1,1216,,-0.069780943545053,-0.02253957048799227,-0.062482244837610744,-0.036534516417654,-0.025014686138591372,-0.010306901775421075,-0.029206896884513375,-0.007083105906411083,0.0021947728371876953,0.0171151017455534,-0.0024756097158761823,-0.0014251451876437172,-0.018789541714678212,-0.023109752680157906,-0.009569640419916314,-0.008674969473569116,-0.014917927092342218,-0.031299214773052426,-0.03394650729979445,-0.012882062490186275,59,61,64,60,59,60,65,60,59,60,64,60,58,60,65,61,58,59,66,58
"Min($low, 5) / $close * If(Lt($close / Ref($close, 10) - 1, 0), 1 - $close / Ref($close, 10), 0)",-0.012945170327540414,0.018498962465310218,-0.012945170327540414,2018Q4,1216,,0.04784518349810782,0.045458726000617455,0.038827774485081394,0.018586228241826593,0.023869603794287157,0.011596147396503475,0.03771810811951615,0.007129921462577782,0.012237269913165965,0.014013707572041168,0.003391046085426804,-0.012945170327540414,0.014748461581885629,0.015112494929632044,0.02314608607208518,0.012573375537965203,0.026159804652453704,0.01521314861417233,0.012892981435610434,0.00021792946186893072,59,61,64,60,59,60,65,60,59,60,64,60,58,60,65,61,58,59,66,58
"Min($low, 5) / (Min($low, 10) + 1e-12) - 1",-0.04037204866026291,-0.014937953783052314,-0.04037204866026291,2016Q1,1216,,-0.04037204866026291,-0.022954114545255425,-0.0380154242753896,-0.03615138195594037,-0.007725166440972074,-0.03328121841432159,-0.026429423426012417,0.015773760167427042,-0.002436882397325598,0.00013579069093244388,-0.007303164950555018,-0.015350991650350948,-0.008063081011805818,-0.006916973329702895,-0.033779361501262574,-0.002466615617341139,0.0008943173110209716,-0.014721090228575616,-0.034257156412190515,0.02197156954704509,59,61,64,60,59,60,65,60,59,60,64,60,58,60,65,61,58,59,66,58
"(Mean($close,20)-$close)/(Max($high,20)-Min($low,20)+1e-12)*Log($volume/(Mean($volume,20)+1e-12)+1)",-0.012607592318047403,0.02415825138277053,-0.012607592318047403,2020Q4,1216,,0.05627200400776909,0.05685037950963817,0.07390114167285323,0.034427886539301275,0.04174106323374989,0.009436624567962534,0.049038389809951705,-0.00864634902032268,0.005038861535631175,0.0012576651514122751,0.013853883207841304,-0.012367462764100405,0.028751844048761743,0.03906022880876832,0.012041655304678933,0.010555403460959347,0.02469620971415003,0.02041089870928641,0.03386344262036219,-0.012607592318047403,59,61,64,60,59,60,65,60,59,60,64,60,58,60,65,61,58,59,66,58
"Min($low, 5) / (Max($high, 5) + 1e-12) * (1 + If(Gt($low / Ref($close, 1) - 1, 0), $low / Ref($close, 1) - 1, 0))",-0.017622937674895648,0.026633584097041068,-0.017622937674895648,2017Q4,1216,,0.051140306998224264,0.05449480419825932,0.08138666373210836,0.07475892737379668,0.036625497166618885,0.03339171443201861,0.024739032789444323,-0.017622937674895648,0.00843834130643628,0.008509487863673983,0.012970964921019906,0.03267435257525428,-0.0028137561587203127,0.04840782788073551,0.024779004763323884,0.008263213685765852,0.03002404772658114,-0.012457296332744967,0.039404510681378194,-0.010801423547744222,59,61,64,60,59,60,65,60,59,60,64,60,58,60,65,61,58,59,66,58
"0 - (($close - Min($low, 5)) / (Max($high, 5) - Min($low, 5) + 1e-12))",-0.013387171231624726,0.03529197491970449,-0.013387171231624726,2020Q1,1216,,0.001660294010624918,0.05707931744245352,0.08032528527058402,0.05256733452175822,0.06286900829084417,0.019579404682626426,0.06771175894403207,0.024842923012977344,0.047632249476247036,0.029469929210977235,0.060753241408947944,-0.004221677760051806,0.020544437556220107,0.04665303169903307,0.010699889909770933,0.046345982085896874,-0.013387171231624726,0.03125881382749945,0.03573195710845727,0.019165973093316958,59,61,64,60,59,60,65,60,59,60,64,60,58,60,65,61,58,59,66,58
"($close - Min($low, 10)) / (Max($high, 10) - Min($low, 10) + 1e-12)",-0.08303068072004577,-0.031516167016175385,-0.08303068072004577,2016Q3,1216,,-0.029048706513504073,-0.06766552896195581,-0.08303068072004577,-0.05107363346568982,-0.050856643054557026,-0.021597345799243862,-0.06113594040416152,-0.004423476332691019,-0.02575194286890963,-0.02457820348034346,-0.038447159376694656,0.009021062676116085,-0.02854712948143918,-0.03157970922192958,-0.02218850669219922,-0.03269429672308739,-0.0010730485842485914,-0.03429903753600672,-0.026207112230557092,0.0025500455764211533,59,61,64,60,59,60,65,60,59,60,64,60,58,60,65,61,58,59,66,58
"Min($low, 5) / $close * (($close - $low) / ($high - $low + 1e-12))",-0.10090617935141512,-0.04292428219398918,-0.10090617935141512,2018Q3,1216,,0.017112626249323373,-0.06602871156990836,-0.043453622822553405,-0.05685948443782477,-0.049332339108551684,-0.0016016474302768355,-0.06822628868683674,-0.04634532311318578,-0.034745306638669336,-0.05647687415452986,-0.10090617935141512,-0.029243553267682704,-0.033945788537892145,-0.06450735345903215,-0.042018865090694066,-0.046402663368791446,-0.00671432404113842,-0.03343307218419762,-0.040786649891471086,-0.04580868894034922,59,61,64,60,59,60,65,60,59,60,64,60,58,60,65,61,58,59,66,58
"Min($low, 5) / $close * (1 + If(Gt($close, $open), $close / $open - 1, 0))",0.006248205737122949,0.036387710229044766,0.006248205737122949,2020Q1,1216,,0.03948869176272553,0.04804187550626698,0.09842227296595295,0.07658767392103635,0.03633994738217158,0.034230870003287735,0.05849987490188633,0.02071642067678053,0.03978551844879387,0.02431242325653115,0.048158044349714726,0.022592302705604257,0.006258003839891235,0.04234014334691167,0.018720456091926987,0.02822790541842627,0.006248205737122949,0.010263823896024836,0.04733640623609587,0.011575573616552906,59,61,64,60,59,60,65,60,59,60,64,60,58,60,65,61,58,59,66,58
"$close / (Max($high, 5) + 1e-12) * (1 + If(Gt($high / Ref($close, 1) - 1, 0), $high / Ref($close, 1) - 1, 0))",-0.06354053576193491,-0.02616773644029723,-0.06354053576193491,2016Q3,1216,,-0.005753076141374167,-0.05595657204002928,-0.06354053576193491,-0.0382725064385976,-0.06101802343371256,0.002081540618002852,-0.052411023680105494,-0.023683257956205586,-0.04557656614076605,-0.013734507031091197,-0.0362718171500443,0.018545815768453836,-0.01208068149022839,-0.03199899883740596,0.005580992753429534,-0.04779462476378236,0.01048444862720666,-0.039433346695799384,-0.0160568541568488,-0.012552990766602306,59,61,64,60,59,60,65,60,59,60,64,60,58,60,65,61,58,59,66,58
"(Mean($close * $volume, 20) / (Mean($volume, 20) + 1e-12) - $close) / ($close + 1e-12)",-0.0038439046157305846,0.03257761676960372,-0.0038439046157305846,2018Q4,1216,,0.07270362246126763,0.07373806593269175,0.09068756980893702,0.04904490336973377,0.047166863828572256,0.007778009475379333,0.06072071205181922,-0.002206987944820001,0.022032786410413202,0.011733431932074346,0.022363841068298536,-0.0038439046157305846,0.03211575972600995,0.03425904987420102,0.031779503746357414,0.01925860339443942,0.009036525344892795,0.01944982964653667,0.03973408737869188,0.006186127152442626,59,61,64,60,59,60,65,60,59,60,64,60,58,60,65,61,58,59,66,58
"Min($low, 5) / $close * (1 + If(Gt($low / Ref($low, 1) - 1, 0), $low / Ref($low, 1) - 1, 0))",0.014017699693885631,0.05266521017366269,0.014017699693885631,2019Q1,1216,,0.03297319919671819,0.08469598856001483,0.1293264146569547,0.10108434986121499,0.06485862653555736,0.04315565998045904,0.07974121917101344,0.02089407284036573,0.04830795300466536,0.04461463135030995,0.07438089462182176,0.03144004202714896,0.014017699693885631,0.07945725363720348,0.03250378938148716,0.0408233462844556,0.02061763024236902,0.01836433735095606,0.0614589455921596,0.017954824474716503,59,61,64,60,59,60,65,60,59,60,64,60,58,60,65,61,58,59,66,58
"($close / (Ref(Max($high, 20), 1) + 1e-12)) * ($volume / (Mean($volume, 20) + 1e-12))",-0.07662642272692169,-0.03512339395032729,-0.07662642272692169,2016Q2,1216,,-0.07486845716602152,-0.07662642272692169,-0.06914516842491603,-0.038072855979976006,-0.06373893626902788,-0.03362972427682286,-0.02753042360887088,-0.008787772456122467,-0.028635373033521948,-0.027773264351946398,-0.010387348708039222,-0.02389452538526251,-0.021245749623480133,-0.027789296896027875,-0.014309504181162669,-0.041569134215450235,-0.010893314471749353,-0.06150416215388337,-0.030952980605515497,-0.011906277246040339,59,61,64,60,59,60,65,60,59,60,64,60,58,60,65,61,58,59,66,58
"Mean(Abs(Log($close / Ref($close, 1))) / ($volume + 1e-12), 20)",-0.021146042646599073,0.0027310558663692377,-0.021146042646599073,2016Q4,1216,,0.019216463408946144,0.009846671101902743,0.007343318833216898,-0.021146042646599073,-0.0020335010745672144,-0.00037639691675597493,-0.001170060806940702,0.01169691478523557,0.011342426859768077,0.0028423614003127264,-0.020993870921849178,0.00016426452329856983,0.017736030304609116,-0.01632357802623038,-0.0009400535066222623,-0.015481662405285274,0.01865409712805515,0.027386629880334832,0.008995034961811713,0.0010505337231236334,59,61,64,60,59,60,65,60,59,60,64,60,58,60,65,61,58,59,66,58
"0 - (($open / (Ref($close, 1) + 1e-12) - 1) * ($close / ($open + 1e-12) - 1)) * Log($volume / (Mean($volume, 20) + 1e-12) + 1)",-0.06341780117727389,-0.01492781143900216,-0.06341780117727389,2016Q1,1216,,-0.06341780117727389,-0.04394444569251757,-0.03648052175852718,-0.01496680154482204,-0.03907934470866049,-0.015635322060467773,-0.019026767727778025,-0.011955909491198825,-0.024116843739167088,-0.024745932341721375,-0.023349951236006722,0.009231769846825947,-0.011443044256512776,0.005332670263676584,0.05039595197031327,-0.004598430000597337,-0.04091614060220189,-0.01221307782509743,0.013720997560788518,0.001473541126833701,59,61,64,60,59,60,65,60,59,60,64,60,58,60,65,61,58,59,66,58
"Min($low, 5) / $close * (Mean(If(Lt($close - Ref($close, 1), 0), $volume, 0), 10) / (Mean(If(Gt($close - Ref($close, 1), 0), $volume, 0), 10) + 1e-12))",-0.0041096065909960915,0.02704296892905908,-0.0041096065909960915,2018Q1,1216,,0.055475376681039086,0.04302272615005336,0.056542428127832466,0.04227516119436075,0.039767685666552574,0.023320635636125433,0.05090792726549305,0.014575388654172131,-0.0041096065909960915,0.023275673801831806,0.018724193831337284,-0.0003532116559390931,0.022034098539690315,0.027741607912659137,0.02193246493481753,0.017317808005764487,0.033511375188306027,0.029893385175585714,0.02329069185043963,-0.0016850646572449232,59,61,64,60,59,60,65,60,59,60,64,60,58,60,65,61,58,59,66,58
"Min($low,5) / $close * (1 + If(Gt(Min($low,5) / (Ref(Min($low,5),5) + 1e-12) - 1, 0), Min($low,5) / (Ref(Min($low,5),5) + 1e-12) - 1, 0))",-0.0031873539351994534,0.02900646433737461,-0.0031873539351994534,2019Q3,1216,,-0.0021706590213523102,0.06068165283662281,0.08237463648057095,0.06920410907772129,0.06631498969784035,0.013787570096726376,0.04063753745076768,0.026536324651318884,0.026387092278130533,0.014460919068462958,0.02659209196523991,0.011994648018250663,0.006091329504014186,0.04735733977703198,-0.0031873539351994534,0.03831309264280212,0.009836679707668449,0.014531543669633235,0.01290498415717229,0.014660783622521137,59,61,64,60,59,60,65,60,59,60,64,60,58,60,65,61,58,59,66,58
"If(Lt($open / Ref($close, 1) - 1, 0), (1 - $open / Ref($close, 1)) * ($close - $low) / ($high - $low + 1e-12), 0)",-0.0362995034337501,-0.020437287447158194,-0.0362995034337501,2018Q2,1216,,-0.011663265886669842,-0.01357760279295898,-0.019345955530692842,-0.02290266671041363,-0.024817159292281017,-0.02982160812360054,-0.014804429145011015,-0.010720075699671818,-0.020999915234201985,-0.0362995034337501,-0.01889781968252826,-0.02888632425335365,-0.021288002464156262,-0.024142748147511488,-0.02159153504108748,0.0026914913493871536,-0.012862413416314044,-0.01726993805516336,-0.03451146333138659,-0.0265383920564898,59,61,64,60,59,60,65,60,59,60,64,60,58,60,65,61,58,59,66,58
"0 - Std(Log($close / Ref($close, 1)), 20)",-0.02224716766209381,0.01835956739013033,-0.02224716766209381,2020Q2,1216,,-0.00040091329568853884,0.03542829259267376,0.06376136816317103,0.06744251066136725,0.02377044454833094,0.019075353880657505,0.017346873714967986,-0.011489674677416186,-0.004884420458960479,-0.013179653987968236,0.03244688689993473,0.026662184981157837,-0.015116837843732482,0.046579592509265424,0.03684576615195856,0.009335817567140022,0.01342087986314319,-0.02224716766209381,0.041505398905605145,-0.010511636214179687,59,61,64,60,59,60,65,60,59,60,64,60,58,60,65,61,58,59,66,58
"0 - Skew(Log($close / Ref($close, 1)), 20)",-0.024429316958955817,0.004335928326585278,-0.024429316958955817,2018Q4,1216,,0.010436957974594398,0.01701120097504635,0.0407419304156946,0.009741418936578134,0.020129060976451847,0.00039205069803237546,0.025243737820784633,-0.003643596729527292,0.0240442662181483,0.0024736073817329756,-0.002287450790560452,-0.024429316958955817,-0.004794367387783796,0.012343300193246738,-0.02039317249863239,-0.010275355262338963,-0.008699481943191676,-0.003580564373770431,0.00817216035393782,-0.008532618028546582,59,61,64,60,59,60,65,60,59,60,64,60,58,60,65,61,58,59,66,58
"Min($low, 5) / $close * (1 - Max($high / Ref($close, 1) - 1, 20))",0.0018087203786038655,0.039269033438947255,0.0018087203786038655,2020Q2,1216,,0.041082068990030744,0.07222703253893781,0.11248352916383016,0.08055238446025823,0.06126017413430756,0.029913985220256557,0.0551273261285976,0.008915938653298127,0.028278666120468424,0.011301822769208754,0.043708554967791,0.010323490734095572,0.009971517888673415,0.07052159079250243,0.03561857616049146,0.021463051389329347,0.01750621280231409,0.0018087203786038655,0.056682408420659976,0.005196970129686081,59,61,64,60,59,60,65,60,59,60,64,60,58,60,65,61,58,59,66,58
"Rsquare($close, 20) * Sign(Slope($close, 20))",-0.05926746465915649,-0.013612066637911485,-0.05926746465915649,2016Q1,1216,,-0.05926746465915649,-0.031517241226890556,-0.03264871221235183,-0.011996412099872284,-0.013330220002190987,-0.00380837185118368,-0.020838237330356568,0.00950378500619569,0.007377670430800942,-0.0034119642368655484,0.009020858710732311,-0.003927717577389503,-0.04032335046297122,-0.028714805120273083,-0.029920715142496265,0.009086726731179494,-0.009612293553844404,0.007574103813680657,-0.029161206062234945,0.00673875358307405,59,61,64,60,59,60,65,60,59,60,64,60,58,60,65,61,58,59,66,58
"Min($low, 5) / $close * (1 - Std(Log($close / Ref($close, 1)), 20))",0.004747923454972967,0.04204109298342815,0.004747923454972967,2019Q1,1216,,0.03314324880235189,0.07307521831962605,0.12601370912772927,0.09616196450118063,0.060903042952380713,0.0372683241463427,0.05971783501552773,0.0093263401373756,0.0343840539445868,0.009764283640655892,0.05458091029573062,0.015135186256841005,0.004747923454972967,0.06942936971255456,0.02827505049228779,0.03387755639242648,0.012291150040612741,0.011014455277711586,0.05104905121907633,0.008799682840674394,59,61,64,60,59,60,65,60,59,60,64,60,58,60,65,61,58,59,66,58
"0 - Max($high / (Ref($close, 1) + 1e-12) - 1, 20)",-0.013670053004793953,0.02534911488755449,-0.013670053004793953,2020Q2,1216,,0.019219371251759553,0.05147109291728592,0.07703395379682268,0.055326535524758,0.04123576176376852,0.01708808666120215,0.03215587921840693,0.0015793778241097885,0.009908082687327761,0.006972614289610828,0.031259873870106133,0.00792424242903758,0.0006472658863564854,0.05127971902737771,0.03805065265759937,0.001952142545085462,0.017990968307907487,-0.013670053004793953,0.048218168024288695,0.000912568620965049,59,61,64,60,59,60,65,60,59,60,64,60,58,60,65,61,58,59,66,58
"(Min($low, 5) - Min($low, 20)) / (Max($high, 20) - Min($low, 20) + 1e-12)",-0.06158476742627423,-0.008446050715383055,-0.06158476742627423,2016Q1,1216,,-0.06158476742627423,-0.018655806623644446,-0.0063471691469802844,-0.011059348690657724,9.91531244799287e-05,-0.005756700080787052,-0.02308992424075454,0.006742952577772965,0.0009548306010447384,0.008233110670207858,-0.0012372660688786355,0.021110046918108187,-0.026481795830038336,-0.011606255024903601,-0.03007182408300382,0.00982441841676048,-0.010103204936576127,0.00445441325360938,-0.019445714111512687,0.007987226820581061,59,61,64,60,59,60,65,60,59,60,64,60,58,60,65,61,58,59,66,58
"0 - (Mean(If(Lt($close - Ref($close, 1), 0), $volume, 0), 10) / (Mean(If(Gt($close - Ref($close, 1), 0), $volume, 0), 10) + 1e-12))",-0.054199233481599635,-0.02594892605656202,-0.054199233481599635,2016Q1,1216,,-0.054199233481599635,-0.04027343322971183,-0.05352253800113596,-0.04024384119280073,-0.037871209452647756,-0.022540263211735925,-0.04998562827161703,-0.014365455636569085,0.005034501300001852,-0.02286949754337909,-0.01733881885963031,0.0012418364579926463,-0.022234377488292836,-0.025004461342872694,-0.02147411751097119,-0.01637753340419076,-0.03393127597813575,-0.030119970882353263,-0.02160867284036302,0.0018052636207578987,59,61,64,60,59,60,65,60,59,60,64,60,58,60,65,61,58,59,66,58
"Corr(Log($close / Ref($close, 1)), Log($volume / Ref($volume, 1)), 20)",-0.0534111798338998,-0.02765155702024614,-0.0534111798338998,2016Q3,1216,,-0.03742867028188027,-0.04226964755440333,-0.0534111798338998,-0.02181649847581194,-0.0393884944860311,-0.021986282805207934,-0.03829478473524897,-0.02743264690475934,-0.04782288430145367,-0.04174606844573222,0.001047679435089717,-0.018011851733675803,-0.027809543297209097,-0.05232657350533795,-0.02319562843459671,-0.00013184322675634193,-0.0035445763106281753,-0.013158897868021912,-0.028679311959831585,-0.014637151883861376,59,61,64,60,59,60,65,60,59,60,64,60,58,60,65,61,58,59,66,58
"Min($low, 5) / $close * (1 - Corr($close / Ref($close, 1) - 1, Log($volume / Ref($volume, 1)), 20))",0.0009666352170361643,0.030139558513950882,0.0009666352170361643,2018Q3,1216,,0.043084198414213015,0.0470217284961771,0.058917627557935975,0.025627360849414672,0.042231880605051786,0.024348405129644837,0.040735107496849075,0.028049242858970553,0.04937972289033002,0.04286661150927781,0.0009666352170361643,0.018342469387397635,0.029917965763947854,0.05750430901851932,0.024272261280686346,0.001491039666689035,0.005469523335290765,0.013582252894008363,0.03254755437757088,0.015155696407065915,59,61,64,60,59,60,65,60,59,60,64,60,58,60,65,61,58,59,66,58
"Min($low, 5) / $close * (1 + If(Gt(Slope($close, 5), 0), Slope($close, 5) / $close, 0))",0.00537399574185363,0.046440130153034435,0.00537399574185363,2019Q1,1216,,0.034390251305480735,0.07660084654876786,0.13660652706139723,0.09859159854667202,0.06309870958170706,0.03355375821718175,0.07264909546301493,0.023227459211294123,0.04328820112936889,0.024289182689481093,0.05356253798983729,0.015054432852916296,0.00537399574185363,0.06861352508502017,0.024635888580847417,0.042442952681085055,0.01370333221875705,0.020491362461421518,0.05091844972196086,0.01609378177964305,59,61,64,60,59,60,65,60,59,60,64,60,58,60,65,61,58,59,66,58
"Min($low, 5) / $close * (1 + If(Gt(Ref($close, 5) / $close - 1, 0), Ref($close, 5) / $close - 1, 0))",0.0058978135609969225,0.04757207664461156,0.0058978135609969225,2020Q1,1216,,0.038167378129630135,0.09265757513309955,0.12383059821120966,0.07937748812837003,0.07042484142396688,0.032754218579352914,0.07226760800207448,0.023865488427883934,0.06406169401179158,0.029066762619412923,0.03980238116155116,0.01070696038762788,0.023310784121125836,0.0740910464270325,0.02213951562489188,0.044772438304008226,0.0058978135609969225,0.03275188744280962,0.05601386959732081,0.0060994219297204,59,61,64,60,59,60,65,60,59,60,64,60,58,60,65,61,58,59,66,58
"0 - (Max($high, 5) - If(Gt($open, $close), $open, $close)) / (If(Lt($open, $close), $open, $close) - Min($low, 5) + 1e-12)",-0.06077293534069697,-0.028961740022815697,-0.06077293534069697,2016Q3,1216,,-0.005790813634515287,-0.03424862118158129,-0.06077293534069697,-0.03880051251537315,-0.04943469623816995,-0.027646799278285242,-0.060759423577816545,-0.026955411688862136,-0.053477690331769724,-0.027527709887063125,-0.04964658003405886,-0.0014871768049786436,-0.01771978059116282,-0.02410050903144368,-0.00698951102808757,-0.03751120242499841,0.004772781159136571,-0.02058631385945385,-0.022093790732318923,-0.012781245807807583,59,61,64,60,59,60,65,60,59,60,64,60,58,60,65,61,58,59,66,58
"0 - Kurt(Log($close / Ref($close, 1)), 20)",-0.02636900323400236,0.003451413502540852,-0.02636900323400236,2019Q2,1216,,0.017430593168043976,-0.01447334884003695,0.009988582930971835,0.018541122958883556,0.009642831638362574,0.020635410954919754,-0.004125757490013518,0.020625339924467245,-0.006905417917471924,-0.0010572314804742856,0.024625587623471522,-0.021494908045592398,0.001670334612804187,-0.02636900323400236,-0.009060557950198007,0.012443709413975788,0.0032728535665449625,0.009816005828646843,0.00032952797749187117,0.004003035107977097,59,61,64,60,59,60,65,60,59,60,64,60,58,60,65,61,58,59,66,58
"Min($low, 5) / $close * (1 + If(Gt($low / Ref($low, 1) - 1, 0), $low / Ref($low, 1) - 1, 0) * ($volume / Ref($volume, 1)))",0.0054918276225345754,0.04698689898321032,0.0054918276225345754,2020Q2,1216,,0.02512286572020681,0.06560573051680135,0.10768702447453421,0.09582325560052317,0.0585950780661278,0.04327146929536455,0.07385182138567055,0.018618213545131997,0.05165952518065658,0.03920971731187231,0.0639843932840669,0.03398126344656052,0.00644287425949475,0.08201946332921468,0.03477477837899257,0.031158962858580386,0.013963903483955003,0.0054918276225345754,0.06108742213842211,0.015235667684032516,59,61,64,60,59,60,65,60,59,60,64,60,58,60,65,61,58,59,66,58
"Min($low, 5) / $close * (1 + If(Lt($volume / Ref($volume, 1) - 1, 0), Abs($volume / Ref($volume, 1) - 1), 0))",0.004969566734247787,0.03323142836143022,0.004969566734247787,2019Q3,1216,,0.06176831097750878,0.06906501150304262,0.0711400987632457,0.04855222733014989,0.04505832241114005,0.017497203620194666,0.05477114052040437,0.015034902336181858,0.04032586762103247,0.02047191935322247,0.04642448105938605,0.016265407594333814,0.012048746516840096,0.021427229621246435,0.004969566734247787,0.030208008146208064,0.02633203227445078,0.02017456240679837,0.024473441524567187,0.015136571815270363,59,61,64,60,59,60,65,60,59,60,64,60,58,60,65,61,58,59,66,58
"0 - Resi(Log($close), 20)",-0.008363800737059637,0.03056632606511101,-0.008363800737059637,2018Q4,1216,,-0.005066844979894695,0.06312859746517972,0.07673808124201267,0.06054785057015733,0.053061891330651395,0.03717266070340097,0.045227259318684924,0.017716239757049043,0.04008922084686157,0.027662799808513605,0.04253933244715415,-0.008363800737059637,-0.0007475927136778524,0.03869866778868469,0.0010615443119006292,0.046726054545931206,0.001565969321655043,0.0486894082646074,0.014239751839784048,0.0062412175861721614,59,61,64,60,59,60,65,60,59,60,64,60,58,60,65,61,58,59,66,58
"Mean(($open + $close - $high - $low) / ($high - $low + 1e-12), 5)",-0.04407630789677146,-0.008131363083089075,-0.04407630789677146,2020Q1,1216,,-0.02169783071694658,0.00027558044487916084,0.028172152634782125,0.006634049904043924,0.0003453621824883302,0.01911179016475621,-0.018794882858123314,-0.031239352641212415,-0.0430175867509738,-0.020481927212341888,-0.01222805284694769,-0.019021059540066533,-0.01147099494063264,-0.015462079553221162,-0.002056514801524446,0.003521455119768099,-0.04407630789677146,0.01244699384088672,0.014281232426541756,-0.0140393212878574,59,61,64,60,59,60,65,60,59,60,64,60,58,60,65,61,58,59,66,58
"(If(Gt($open, $close), $close, $open) - $low) / ($high - $low + 1e-12) * ($volume / (Mean($volume, 20) + 1e-12))",-0.06724416039424272,-0.03505666403500898,-0.06724416039424272,2018Q3,1216,,-0.035481859180598534,-0.02522750000836558,-0.014269425655055118,-0.030103872191418725,-0.019941111562716413,-0.03367204113007727,-0.042246202478138956,-0.043475936881570726,-0.04057362838003037,-0.05704334147665231,-0.06724416039424272,-0.0449588634168081,-0.020813263178421176,-0.04129533601219625,-0.02514802762408292,-0.019288974327616594,-0.02259988515248374,-0.025982913086617942,-0.05071719490741713,-0.03829055024626339,59,61,64,60,59,60,65,60,59,60,64,60,58,60,65,61,58,59,66,58
"Min($low, 5) / $close * (1 + If(Gt($close, Mean($close, 10)), ($close - $low) / ($high - $low + 1e-12), 0))",-0.07972337377929394,-0.030838361766312015,-0.07972337377929394,2016Q1,1216,,-0.07972337377929394,-0.0354244568547738,-0.00788501399580919,-0.014217782839949188,-0.04858045343794465,-0.04182488484968623,-0.04582531756999804,-0.013581190518158771,-0.02937408436994514,-0.03701478027063876,-0.034756695110694256,-0.022368920018183105,-0.048495252017980876,-0.037206431126383575,-0.01839125624143086,-0.03553833101877133,-0.01551103183089011,-0.03305807147608647,-0.01290853884738329,-0.008223806236471174,59,61,64,60,59,60,65,60,59,60,64,60,58,60,65,61,58,59,66,58
"Min($low, 5) / $close * (0 - Mean($open / Ref($close, 1) - 1, 5))",-0.03803792353703685,-0.004425760440940772,-0.03803792353703685,2017Q2,1216,,0.01616114164678356,-0.00243246098324336,-0.0001820330546917485,-0.011686624034893836,-0.004885517558598507,-0.03803792353703685,-0.007043279515289409,-0.0289805290747319,-0.006889664016083517,0.00805876886071515,-0.014771362721111516,-0.00977074875933206,-0.010236524371512788,-0.0004014341791393051,-0.008628835711515924,0.0015848606958618874,0.013138244027082342,-0.002726272632574076,0.015478244108227412,0.003569099553569133,59,61,64,60,59,60,65,60,59,60,64,60,58,60,65,61,58,59,66,58
"Min($low, 5) / $close * (1 + If(Gt($high, Ref(Max($high, 20), 1)), $high / (Ref(Max($high, 20), 1) + 1e-12) - 1, 0))",0.005349553424625601,0.04609529596974708,0.005349553424625601,2019Q1,1216,,0.02613482109475769,0.07525752409590654,0.1260487646253977,0.0919882848599201,0.05998594753878944,0.03763333537250055,0.07278228180874448,0.02496458525225203,0.04352413872555557,0.027821810469122642,0.05196221946691389,0.014009649841780459,0.005349553424625601,0.06763858648211772,0.028621190549436317,0.047024478675597295,0.012556133129806206,0.0228781316198247,0.05461610252407828,0.019367621065456565,59,61,64,60,59,60,65,60,59,60,64,60,58,60,65,61,58,59,66,58
