factor_id,name,expression,reason,validation_status,admitted,train_rank_ic,validation_rank_ic,test_rank_ic_retrospective,best_seed,best_round,best_evaluation_index,occurrence_count,all_seeds,canonical
10ac4bad5197631c,VOL_ADJ_UPPER_SHADOW,"(($high - $close) / ($high - $low + 1e-12)) / (Std($close / Ref($close, 1) - 1, 20) + 1e-12)",Normalizing the upper-shadow reversal signal by recent return volatility isolates genuine intraday selling pressure and may improve signal consistency.,validation_admitted,True,0.04414990317572492,0.05313152805266665,0.04843811082577804,123,38,154,1,[123],"Div(Div(Sub($high,$close),Add(1e-12,Sub($high,$low))),Add(1e-12,Std(Sub(Div($close,Ref($close,1)),1),20)))"
a0a71297c0969b66,UPPER_SHADOW_LOW_VOLATILITY,"(($high - $close) / ($high - $low + 1e-12)) / (Mean(Abs($close / Ref($close, 1) - 1), 20) + 1e-12)","A large upper shadow on a low absolute-return day signals intraday selling pressure without broad volatility, so next-day mean reversion is stronger.",validation_admitted,True,0.04390368131767869,0.05261841997303481,0.04929663197646616,123,49,189,1,[123],"Div(Div(Sub($high,$close),Add(1e-12,Sub($high,$low))),Add(1e-12,Mean(Abs(Sub(Div($close,Ref($close,1)),1)),20)))"
0af0c8d24c2e381d,UPPER_SHADOW_LOW_VOL_LOW_VOLUME,"(($high - $close) / ($high - $low + 1e-12)) / ((Std($close / Ref($close, 1) - 1, 20) + 1e-12) * (($volume / (Mean($volume, 20) + 1e-12)) + 1e-12))","Upper shadows reflect intraday selling pressure, and when they occur under low return volatility and low relative volume the selling is likely weak, leading to a next-day reversal.",validation_admitted,True,0.053578707531059734,0.0523916611050616,0.05036932906600274,123,49,187,1,[123],"Div(Div(Sub($high,$close),Add(1e-12,Sub($high,$low))),Mul(Add(1e-12,Div($volume,Add(1e-12,Mean($volume,20)))),Add(1e-12,Std(Sub(Div($close,Ref($close,1)),1),20))))"
bbaa8e9af64ae708,VOL_WEIGHTED_LOW_REVERSAL,"(Ref($low, 1) / $close - 1) * ($volume / (Mean($volume, 20) + 1e-12))","High-volume breakdowns below the prior day's low signal overreaction and attract reversal, so weighting the prior-low-to-current-close gap by volume improves the reversal signal.",validation_admitted,True,0.047908750058613996,0.049460809747442894,0.03313600828731315,456,7,61,1,[456],"Mul(Div($volume,Add(1e-12,Mean($volume,20))),Sub(Div(Ref($low,1),$close),1))"
4c95470e773bd60a,HIGH_LOW_RANGE_AMPLIFIED_REVERSAL,"(($high - $low) / ($close + 1e-12)) * (($high + $low - 2 * $close) / ($high - $low + 1e-12)) * (($volume * $close) / (Mean($volume * $close, 20) + 1e-12))","A wide intraday range with the close near the low and abnormally high dollar volume captures panic liquidation, which tends to reverse next day.",validation_admitted,True,0.058111158297685664,0.04939789842714206,0.027665041080543993,456,78,274,1,[456],"Mul(Div(Mul($close,$volume),Add(1e-12,Mean(Mul($close,$volume),20))),Mul(Div(Sub($high,$low),Add($close,1e-12)),Div(Sub(Add($high,$low),Mul($close,2)),Add(1e-12,Sub($high,$low)))))"
fc10d9e245fb4958,UPPER_LOWER_SHADOW_VOL_CV,"((($high - $close) / (($close - $low) + 1e-12)) * (Mean($volume, 20) / ($volume + 1e-12))) / ((Std($close * $volume, 20) / (Mean($close * $volume, 20) + 1e-12)) + 1e-12)","Upper-to-lower shadow ratio captures intraday selling versus buying pressure; high values predict next-day rebound, and the volume/volatility adjustment improves signal quality.",validation_admitted,True,0.05995301352635466,0.049361234437431505,0.03682560056655843,123,85,297,1,[123],"Div(Mul(Div(Mean($volume,20),Add($volume,1e-12)),Div(Sub($high,$close),Add(1e-12,Sub($close,$low)))),Add(1e-12,Div(Std(Mul($close,$volume),20),Add(1e-12,Mean(Mul($close,$volume),20)))))"
a2e8bd657e74843e,VOL_SHOCK_LOW_CLOSE_REVERSAL,"(Ref($low, 1) / $close - 1) * ($volume / (Ref(Mean($volume, 20), 1) + 1e-12))",A drop below the prior day's low on abnormally high volume is a capitulation signal that should reverse the next day.,validation_admitted,True,0.04810581803892827,0.0492118211154403,0.033131325698079035,42,21,104,1,[42],"Mul(Div($volume,Add(1e-12,Ref(Mean($volume,20),1))),Sub(Div(Ref($low,1),$close),1))"
bf4bad976a46d24a,UPPER_LOWER_SHADOW_RATIO_DV_CV,"(($high - $close) / (($close - $low) + 1e-12)) / ((Std($close * $volume, 20) / (Mean($close * $volume, 20) + 1e-12)) + 1e-12)","The upper-to-lower shadow ratio captures accelerating selling pressure into the close, and dividing by dollar-volume instability highlights stocks whose liquidity is consistent, improving signal reliability.",validation_admitted,True,0.05449114030471125,0.04905350395426643,0.03420546044079744,123,56,208,1,[123],"Div(Div(Sub($high,$close),Add(1e-12,Sub($close,$low))),Add(1e-12,Div(Std(Mul($close,$volume),20),Add(1e-12,Mean(Mul($close,$volume),20)))))"
a053509ab676e1c4,VOL_RANGE_CORR_PANIC_REVERSAL,"Corr($volume, $high - $low, 20) * (($high - $low) / ($close + 1e-12)) * (($high + $low - 2 * $close) / ($high - $low + 1e-12)) * (($volume * $close) / (Mean($volume * $close, 20) + 1e-12))","High volume-volatility co-movement during a high-turnover down-close day signals persistent liquidity-driven selling, setting up a stronger next-day reversal.",validation_admitted,True,0.058651366820780766,0.04872734604374108,0.02824031681225342,456,90,312,1,[456],"Mul(Div(Mul($close,$volume),Add(1e-12,Mean(Mul($close,$volume),20))),Mul(Div(Sub(Add($high,$low),Mul($close,2)),Add(1e-12,Sub($high,$low))),Mul(Corr($volume,Sub($high,$low),20),Div(Sub($high,$low),Add($close,1e-12)))))"
7e0d8801ad4203bf,CLOSE_LOCATION_TURNOVER_VALUE,"(($high + $low - 2 * $close) / ($high - $low + 1e-12)) * (($volume * $close) / (Mean($volume * $close, 20) + 1e-12))","This captures stocks closing near the intraday low on abnormally high trading value, reflecting capitulative selling pressure that tends to reverse next day.",validation_admitted,True,0.05338641022185003,0.04842701821695153,0.02654636007868879,456,23,110,1,[456],"Mul(Div(Mul($close,$volume),Add(1e-12,Mean(Mul($close,$volume),20))),Div(Sub(Add($high,$low),Mul($close,2)),Add(1e-12,Sub($high,$low))))"
2899d810e8d8b9e2,CLOSE_POS_RANGE_EXPANSION,"(($high + $low - 2 * $close) / ($high - $low + 1e-12)) * (($high - $low) / (Mean($high - $low, 20) + 1e-12))","Stocks closing near the low while daily range expands signal capitulation with high volatility, predicting a short-term rebound.",validation_admitted,True,0.052223908197559385,0.048332319512636814,0.02744033387609718,456,23,111,1,[456],"Mul(Div(Sub($high,$low),Add(1e-12,Mean(Sub($high,$low),20))),Div(Sub(Add($high,$low),Mul($close,2)),Add(1e-12,Sub($high,$low))))"
f6cc761dc6d9fc70,INTRADAY_RANGE_REVERSAL_VOLUME,"(($high + $low - 2 * $close) / ($high - $low + 1e-12)) * ($volume / (Mean($volume, 20) + 1e-12))","Stocks closing near their intraday low with high relative volume are oversold and likely rebound next day, while closing near high with high volume suggests exhausted demand, so this scaled close location within the day's range should be positively related to next-day returns.",validation_admitted,True,0.052797859732256876,0.04822866905075066,0.02651198220181366,456,12,78,1,[456],"Mul(Div($volume,Add(1e-12,Mean($volume,20))),Div(Sub(Add($high,$low),Mul($close,2)),Add(1e-12,Sub($high,$low))))"
507e65103cfa1711,RANGE_EXPANSION_LOW_CLOSE_REVERSAL,"((($high - $low) / $close) / (Mean(($high - $low) / $close, 20) + 1e-12)) * (($high + $low - 2 * $close) / ($high - $low + 1e-12))",A wider intraday range relative to its recent average combined with a close near the low indicates capitulation and should predict short-term reversal.,validation_admitted,True,0.0512575881855317,0.04818309398897154,0.027231471660268982,456,53,199,1,[456],"Mul(Div(Div(Sub($high,$low),$close),Add(1e-12,Mean(Div(Sub($high,$low),$close),20))),Div(Sub(Add($high,$low),Mul($close,2)),Add(1e-12,Sub($high,$low))))"
f2a143c388b166fe,PANIC_REVERSAL_HIGH_VOLUME_PCT,"((($high + $low - 2 * $close) / ($high - $low + 1e-12)) * ($volume / (Quantile($volume, 20, 0.8) + 1e-12)))",Stocks closing near the low with volume exceeding the recent 80th percentile signal capitulation selling and should rebound.,validation_admitted,True,0.05149433877341126,0.048018870591115426,0.02589413280241963,456,53,200,1,[456],"Mul(Div($volume,Add(1e-12,Quantile($volume,20,0.8))),Div(Sub(Add($high,$low),Mul($close,2)),Add(1e-12,Sub($high,$low))))"
810286735e85b3ac,UPPER_SHADOW_OVERSOLD,"(($high - $close) / ($high - $low + 1e-12)) * (Mean($close, 20) / ($close + 1e-12))","A large upper shadow signals intraday selling pressure, and when the close is below its 20-day average the stock is oversold, so a stronger next-day rebound is likely.",validation_admitted,True,0.04994283554727066,0.04792800971140406,0.03172491564312241,123,67,241,1,[123],"Mul(Div(Mean($close,20),Add($close,1e-12)),Div(Sub($high,$close),Add(1e-12,Sub($high,$low))))"
cb95cf6aabfadba7,UPPER_SHADOW_ZSCORE_20,"(($high - $close) / ($high - $low + 1e-12)) / (Std(($high - $close) / ($high - $low + 1e-12), 20) + 1e-12)","Stocks with upper shadows unusually high relative to their own recent distribution signal an intraday failed rally and selling exhaustion, predicting a short-term rebound.",validation_admitted,True,0.046947036998654025,0.04777456094921392,0.02784290784757704,123,19,97,1,[123],"Div(Div(Sub($high,$close),Add(1e-12,Sub($high,$low))),Add(1e-12,Std(Div(Sub($high,$close),Add(1e-12,Sub($high,$low))),20)))"
0722a01c357a868d,VOLUME_SKEW_TURNOVER_PANIC_REVERSAL,"Skew($volume, 20) * (($volume / ($close + 1e-12)) / (Mean($volume / ($close + 1e-12), 20) + 1e-12)) * (($high + $low - 2 * $close) / ($high - $low + 1e-12)) * (($high - $low) / ($close + 1e-12))","Right-skewed volume with a high share-turnover, wide-range close near the low indicates episodic panic selling, which tends to reverse in the near term.",validation_admitted,True,0.04812367570692279,0.04770707608598871,0.026748274132239912,456,95,325,1,[456],"Mul(Div(Sub($high,$low),Add($close,1e-12)),Mul(Div(Sub(Add($high,$low),Mul($close,2)),Add(1e-12,Sub($high,$low))),Mul(Div(Div($volume,Add($close,1e-12)),Add(1e-12,Mean(Div($volume,Add($close,1e-12)),20))),Skew($volume,20))))"
12c1935ea64a1059,RANGE_EXPANSION_CLOSE_LOCATION_VOLUME,"(($high - $low) / (Ref($high - $low, 1) + 1e-12)) * (($high + $low - 2 * $close) / ($high - $low + 1e-12)) * (($volume * $close) / (Mean($volume * $close, 20) + 1e-12))",A one-day high-low range expansion with close near the low and elevated turnover captures capitulation selling that tends to reverse next day.,validation_admitted,True,0.04668399526209907,0.047697608703887104,0.02542498399736553,456,89,308,1,[456],"Mul(Div(Mul($close,$volume),Add(1e-12,Mean(Mul($close,$volume),20))),Mul(Div(Sub($high,$low),Add(1e-12,Ref(Sub($high,$low),1))),Div(Sub(Add($high,$low),Mul($close,2)),Add(1e-12,Sub($high,$low)))))"
7e2154c102d43e9b,DOWN_CANDLE_UPPER_SHADOW,"If(Less($close, $open), ($high - $close) / ($high - $low + 1e-12), 0)","A down candle closing near its low signals intraday capitulation, which predicts a next-day rebound more strongly than the unconditional upper-shadow ratio.",validation_admitted,True,0.048981088771794655,0.047669793594497134,0.030463941585237207,123,40,161,1,[123],"If(Less($close,$open),Div(Sub($high,$close),Add(1e-12,Sub($high,$low))),0)"
667370dc9eb2f25e,GAP_DOWN_INTRADAY_REVERSAL,"If(Less($open, Ref($close, 1)), ($high - $close) / ($high - $low + 1e-12), 0)","Stocks that gap down and then close near the low of the day are intraday oversold and tend to rebound the next day, so higher values should predict positive returns.",validation_admitted,True,0.048981088771794655,0.047669793594497134,0.030463941585237207,123,44,173,1,[123],"If(Less($open,Ref($close,1)),Div(Sub($high,$close),Add(1e-12,Sub($high,$low))),0)"
1bb053799c5a20d4,LOW_RANGE_CLOSE,($high - $close) / ($high - $low + 1e-12),"It captures intraday overreaction where stocks closing near the low of their daily range are oversold and tend to rebound next-day, while those closing near the high tend to reverse downward.",validation_admitted,True,0.048981088771794655,0.047669793594497134,0.030463941585237207,123,5,55,1,[123],"Div(Sub($high,$close),Add(1e-12,Sub($high,$low)))"
3044b8c482d2540a,TRUE_RANGE_UPPER_SHADOW,"(If(Greater($high, Ref($close, 1)), $high, Ref($close, 1)) - $close) / (If(Greater($high, Ref($close, 1)), $high, Ref($close, 1)) - If(Less($low, Ref($close, 1)), $low, Ref($close, 1)) + 1e-12)","Captures the close below the upper boundary of the true range, incorporating overnight gaps, so larger values indicate stronger intraday or overnight selling overreaction likely to reverse next day.",validation_admitted,True,0.048981088771794655,0.047669793594497134,0.030463941585237207,123,15,85,1,[123],"Div(Sub(If(Greater($high,Ref($close,1)),$high,Ref($close,1)),$close),Add(1e-12,Sub(If(Greater($high,Ref($close,1)),$high,Ref($close,1)),If(Less($low,Ref($close,1)),$low,Ref($close,1)))))"
0d9caf53901d54fc,UPPER_SHADOW_TRUE_RANGE_RATIO,"($high - $close) / (If(Greater($high, Ref($close, 1)), $high, Ref($close, 1)) - If(Less($low, Ref($close, 1)), $low, Ref($close, 1)) + 1e-12)","This measures upper shadow as a fraction of the true range including overnight gaps, capturing intraday selling pressure relative to total trading range and should isolate stronger reversal setups.",validation_admitted,True,0.048981088771794655,0.047669793594497134,0.030463941585237207,123,13,80,1,[123],"Div(Sub($high,$close),Add(1e-12,Sub(If(Greater($high,Ref($close,1)),$high,Ref($close,1)),If(Less($low,Ref($close,1)),$low,Ref($close,1)))))"
83152142c2c079d4,UNUSUAL_LOW_CLOSE_POS_AMT,"((Mean(($close - $low) / ($high - $low + 1e-12), 20) - ($close - $low) / ($high - $low + 1e-12)) / (Std(($close - $low) / ($high - $low + 1e-12), 20) + 1e-12)) * (($volume * $close) / (Mean($volume * $close, 20) + 1e-12))",Stocks whose close is unusually low in the day's range relative to their own 20-day pattern and have elevated dollar volume tend to revert upward next day.,validation_admitted,True,0.05158495212566155,0.04764928247625337,0.02822324148795943,456,27,123,1,[456],"Mul(Div(Mul($close,$volume),Add(1e-12,Mean(Mul($close,$volume),20))),Div(Sub(Mean(Div(Sub($close,$low),Add(1e-12,Sub($high,$low))),20),Div(Sub($close,$low),Add(1e-12,Sub($high,$low)))),Add(1e-12,Std(Div(Sub($close,$low),Add(1e-12,Sub($high,$low))),20))))"
d7129df1a1c1ebb1,ABNORMAL_RANGE_CLOSE_POSITION_VOLUME,"(($high - $low) / (Mean($high - $low, 20) + 1e-12)) * (($high + $low - 2 * $close) / ($high - $low + 1e-12)) * (($volume * $close) / (Mean($volume * $close, 20) + 1e-12))","Stocks with abnormally wide intraday ranges that close near the low on high dollar volume are under temporary selling pressure and tend to rebound next day, while range normalization avoids overlap with close-scaled range factors.",validation_admitted,True,0.05223380148436869,0.04751533843877738,0.02494535580728326,456,84,293,1,[456],"Mul(Div(Mul($close,$volume),Add(1e-12,Mean(Mul($close,$volume),20))),Mul(Div(Sub($high,$low),Add(1e-12,Mean(Sub($high,$low),20))),Div(Sub(Add($high,$low),Mul($close,2)),Add(1e-12,Sub($high,$low)))))"
d53eb79bd0ed67e9,INTRADAY_REVERSAL_RANGE_VOLUME_SURGE,"($high + $low - 2 * $close) / ($high - $low + 1e-12) * ((($high - $low) / ($close + 1e-12)) / (Mean(($high - $low) / ($close + 1e-12), 20) + 1e-12)) * (($volume * $close) / (Mean($volume * $close, 20) + 1e-12))",This combines an intraday reversal close location with extreme range expansion and high relative dollar volume to identify overdone selloffs likely to revert next day.,validation_admitted,True,0.051907951826049625,0.047451541329195705,0.024825670177879854,456,64,232,1,[456],"Mul(Div(Mul($close,$volume),Add(1e-12,Mean(Mul($close,$volume),20))),Mul(Div(Div(Sub($high,$low),Add($close,1e-12)),Add(1e-12,Mean(Div(Sub($high,$low),Add($close,1e-12)),20))),Div(Sub(Add($high,$low),Mul($close,2)),Add(1e-12,Sub($high,$low)))))"
4ca7d229fa9a3103,RANGE_EXPANSION_LOW_CLOSE_VOLUME_REVERSAL,"((($high - $low) / $close) / (Mean(($high - $low) / $close, 20) + 1e-12)) * (($high + $low - 2 * $close) / ($high - $low + 1e-12)) * (($volume * $close) / (Mean($volume * $close, 20) + 1e-12))","Expanded intraday range with a close near the low and unusually high dollar turnover marks panic liquidation, which tends to reverse in Chinese A-shares.",validation_admitted,True,0.051907951826049625,0.047451541329195705,0.024825670177879854,456,55,206,1,[456],"Mul(Div(Mul($close,$volume),Add(1e-12,Mean(Mul($close,$volume),20))),Mul(Div(Div(Sub($high,$low),$close),Add(1e-12,Mean(Div(Sub($high,$low),$close),20))),Div(Sub(Add($high,$low),Mul($close,2)),Add(1e-12,Sub($high,$low)))))"
8837f304983f30be,UNUSUAL_LOW_CLOSE_VOLUME,"((($high + $low - 2 * $close) / ($high - $low + 1e-12)) - Mean(($high + $low - 2 * $close) / ($high - $low + 1e-12), 20)) / (Std(($high + $low - 2 * $close) / ($high - $low + 1e-12), 20) + 1e-12) * (($volume * $close) / (Mean($volume * $close, 20) + 1e-12))",Stocks closing unusually low in their intraday range relative to their own 20-day pattern on high dollar volume are likely overreacting and should reverse upward next day.,validation_admitted,True,0.05109681886345594,0.04739130810800746,0.028156728703720987,456,37,153,1,[456],"Mul(Div(Mul($close,$volume),Add(1e-12,Mean(Mul($close,$volume),20))),Div(Sub(Div(Sub(Add($high,$low),Mul($close,2)),Add(1e-12,Sub($high,$low))),Mean(Div(Sub(Add($high,$low),Mul($close,2)),Add(1e-12,Sub($high,$low))),20)),Add(1e-12,Std(Div(Sub(Add($high,$low),Mul($close,2)),Add(1e-12,Sub($high,$low))),20))))"
307ad48754d4dcd2,VOLLOC_PANIC_VOLMAX,"(($high + $low - 2 * $close) / ($high - $low + 1e-12)) * ($volume / (Max($volume, 20) + 1e-12))",Extreme volume with close in the lower half of the daily range indicates capitulation selling and predicts a short-term rebound in A-shares.,validation_admitted,True,0.051283495326091944,0.04738946983908888,0.02472174488918761,456,62,226,1,[456],"Mul(Div($volume,Add(1e-12,Max($volume,20))),Div(Sub(Add($high,$low),Mul($close,2)),Add(1e-12,Sub($high,$low))))"
9d1f92bec691e338,WEAK_CLOSE_AVG_RANGE_TURNOVER,"(($high + $low - 2 * $close) / (Mean($high - $low, 20) + 1e-12)) * (($volume / $close) / (Mean($volume / $close, 20) + 1e-12))",Stocks closing weak relative to their recent average daily range on abnormally high turnover are likely short-term oversold and tend to reverse upward next day.,validation_admitted,True,0.051566599940042694,0.04736740826065182,0.02474879925931942,456,22,107,1,[456],"Mul(Div(Div($volume,$close),Add(1e-12,Mean(Div($volume,$close),20))),Div(Sub(Add($high,$low),Mul($close,2)),Add(1e-12,Mean(Sub($high,$low),20))))"
242cec717066289c,INTRADAY_CLOSE_LOCATION_SURPRISE_VOLUME,"((($high + $low - 2 * $close) / ($high - $low + 1e-12) - Mean(($high + $low - 2 * $close) / ($high - $low + 1e-12), 20)) * (($volume * $close) / (Mean($volume * $close, 20) + 1e-12)))","An unusually low close within the day range relative to its 20-day norm, accompanied by high dollar volume, signals temporary overselling and reversal, so higher values should predict higher next-day returns.",validation_admitted,True,0.05133043643000802,0.04720415296470501,0.028477820043369517,456,70,251,1,[456],"Mul(Div(Mul($close,$volume),Add(1e-12,Mean(Mul($close,$volume),20))),Sub(Div(Sub(Add($high,$low),Mul($close,2)),Add(1e-12,Sub($high,$low))),Mean(Div(Sub(Add($high,$low),Mul($close,2)),Add(1e-12,Sub($high,$low))),20)))"
ec3575e4e9706d44,REVERSAL_RANGE_VOLUME,"(($high + $low - 2 * $close) / ($high - $low + 1e-12)) * (($volume * ($high - $low)) / (Mean($volume * ($high - $low), 20) + 1e-12))",Stocks closing near their low on unusually high range-scaled volume experience stronger next-day rebound due to liquidity-driven overselling.,validation_admitted,True,0.051599343008320454,0.04713168231849057,0.024198385315513382,456,29,129,1,[456],"Mul(Div(Mul($volume,Sub($high,$low)),Add(1e-12,Mean(Mul($volume,Sub($high,$low)),20))),Div(Sub(Add($high,$low),Mul($close,2)),Add(1e-12,Sub($high,$low))))"
85656e83dba955bb,CLOSE_LOC_VOL_CV,"0 - (($close - $low) / ($high - $low + 1e-12) * (Std($volume, 20) / (Ref(Mean($volume, 20), 1) + 1e-12)))","Stocks closing near lows on stable or shrinking volume indicate an orderly, low-panic selloff, which tends to reverse next day.",validation_admitted,True,0.055750569698005424,0.04713152733327596,0.037830063398489086,42,90,311,1,[42],"Sub(0,Mul(Div(Std($volume,20),Add(1e-12,Ref(Mean($volume,20),1))),Div(Sub($close,$low),Add(1e-12,Sub($high,$low)))))"
f323247b08cd3839,UP_SHADOW_BELOW_RECENT_Q80_STABLE_DOLLAR_VOL,"(($high - $close) / ($high - $low + 1e-12)) * (Quantile($close, 20, 0.8) / ($close + 1e-12)) / ((Std($close * $volume, 20) / (Mean($close * $volume, 20) + 1e-12)) + 1e-12)","Large upper shadows on a close below its recent 80th-percentile indicate intraday selling pressure, and when dollar volume is stable this overreaction tends to revert upward the next day.",validation_admitted,True,0.05579913407974614,0.047031785614286926,0.032465575649769166,123,69,247,1,[123],"Div(Mul(Div(Quantile($close,20,0.8),Add($close,1e-12)),Div(Sub($high,$close),Add(1e-12,Sub($high,$low)))),Add(1e-12,Div(Std(Mul($close,$volume),20),Add(1e-12,Mean(Mul($close,$volume),20)))))"
11dd5860b5922049,RANGE_AMPLIFIED_POSITION_VOLUME,"(((($high + $low - 2 * $close) / ($high - $low + 1e-12)) - Mean(($high + $low - 2 * $close) / ($high - $low + 1e-12), 20)) / (Std(($high + $low - 2 * $close) / ($high - $low + 1e-12), 20) + 1e-12)) * (($high - $low) / (Mean($high - $low, 20) + 1e-12)) * (($volume * $close) / (Mean($volume * $close, 20) + 1e-12))","It amplifies a z-scored intraday close-location reversal with range expansion and dollar-volume confirmation, capturing exaggerated low-close/high-range/liquidity reversals that are less prone to cross-sectional level differences.",validation_admitted,True,0.05043340261605654,0.0466882260033172,0.026850426910089275,456,38,154,1,[456],"Mul(Div(Mul($close,$volume),Add(1e-12,Mean(Mul($close,$volume),20))),Mul(Div(Sub($high,$low),Add(1e-12,Mean(Sub($high,$low),20))),Div(Sub(Div(Sub(Add($high,$low),Mul($close,2)),Add(1e-12,Sub($high,$low))),Mean(Div(Sub(Add($high,$low),Mul($close,2)),Add(1e-12,Sub($high,$low))),20)),Add(1e-12,Std(Div(Sub(Add($high,$low),Mul($close,2)),Add(1e-12,Sub($high,$low))),20)))))"
771f479a60c78457,ILLIQUID_INTRADAY_REVERSAL,(($high + $low - 2 * $close) / ($high - $low + 1e-12)) / (Log($volume * $close + 1) + 1e-12),"Illiquid small-cap stocks that close in the lower part of the intraday range are more prone to next-day mean reversion, so dividing the contrarian range position by log dollar volume should improve cross-sectional return prediction.",validation_admitted,True,0.0432737881555223,0.04661732383090855,0.02914418994185902,456,76,270,1,[456],"Div(Div(Sub(Add($high,$low),Mul($close,2)),Add(1e-12,Sub($high,$low))),Add(1e-12,Log(Add(1,Mul($close,$volume)))))"
dfb455b1b5568f49,UPPER_SHADOW_TO_VOLUME_CV,"(($high - $close) / ($high - $low + 1e-12)) / ((Std($volume, 20) / (Mean($volume, 20) + 1e-12)) + 1e-12)",A large upper shadow relative to the day's range indicates intraday selling pressure that reverses; normalizing by volume coefficient of variation captures stable-volume names where this reversal is more reliable.,validation_admitted,True,0.05458685997425216,0.0465610590607503,0.030987174465332428,123,53,200,1,[123],"Div(Div(Sub($high,$close),Add(1e-12,Sub($high,$low))),Add(1e-12,Div(Std($volume,20),Add(1e-12,Mean($volume,20)))))"
1ab99570bbe8576f,RANGE_EXPANSION_CLOSE_LOCATION_REVERSAL,"0 - (($high - $low) / (Ref(Mean($high - $low, 20), 1) + 1e-12)) * (($close - $low) / ($high - $low + 1e-12))","Days with both high range expansion and close near the high reflect attention-driven overbought conditions that tend to reverse next day, so the negative sign gives higher scores to fade candidates.",validation_admitted,True,0.05734530127312695,0.046384711643719385,0.03363249875707222,42,36,148,1,[42],"Sub(0,Mul(Div(Sub($close,$low),Add(1e-12,Sub($high,$low))),Div(Sub($high,$low),Add(1e-12,Ref(Mean(Sub($high,$low),20),1)))))"
35666b85d41b4a20,REVERSAL_RANGEVOL_ADJ_VOLRATIO,"(($high + $low - 2 * $close) / (Std($high - $low, 20) + 1e-12)) * (($volume * $close) / (Mean($volume * $close, 20) + 1e-12))","A stock closing below its intraday midpoint relative to the volatility of its recent daily range, especially with elevated dollar volume, signals temporary overreaction that should revert upward next day.",validation_admitted,True,0.052386789795026596,0.0463777348592371,0.023209035978609547,456,72,256,1,[456],"Mul(Div(Mul($close,$volume),Add(1e-12,Mean(Mul($close,$volume),20))),Div(Sub(Add($high,$low),Mul($close,2)),Add(1e-12,Std(Sub($high,$low),20))))"
c69ce02cadf698c8,CLOSE_BELOW_OHLC_AVG_VOL_RANGE,"(($open + $high + $low - 3 * $close) / ($close + 1e-12)) * (($high - $low) / ($close + 1e-12)) * (($volume * $close) / (Mean($volume * $close, 20) + 1e-12))",Close below the average of open/high/low with wide intraday range and elevated dollar volume indicates temporary liquidation pressure that tends to reverse next day.,validation_admitted,True,0.056249193844608525,0.04631763564777596,0.028288541647887237,456,86,298,1,[456],"Mul(Div(Mul($close,$volume),Add(1e-12,Mean(Mul($close,$volume),20))),Mul(Div(Sub($high,$low),Add($close,1e-12)),Div(Sub(Add($low,Add($high,$open)),Mul($close,3)),Add($close,1e-12))))"
a3d3100dd26a8037,RANGE_ZSCORE_CLOSE_LOC_VOL_QUANTILE,"(($high - $low) / (Std($high - $low, 20) + 1e-12)) * (($high + $low - 2 * $close) / ($high - $low + 1e-12)) * ($volume / (Quantile($volume, 20, 0.8) + 1e-12))","Stocks with intraday range expanding relative to recent volatility, closing in the lower part of the range, and volume above its 20-day 80th percentile are oversold with heavy participation and tend to rebound next day.",validation_admitted,True,0.05143605047705767,0.04629478398990468,0.02289335521237031,456,80,280,1,[456],"Mul(Div($volume,Add(1e-12,Quantile($volume,20,0.8))),Mul(Div(Sub($high,$low),Add(1e-12,Std(Sub($high,$low),20))),Div(Sub(Add($high,$low),Mul($close,2)),Add(1e-12,Sub($high,$low)))))"
0c40461772f469c0,UPPER_SHADOW_ZSCORE,"(($high - $close) / ($high - $low + 1e-12) - Mean(($high - $close) / ($high - $low + 1e-12), 20)) / (Std(($high - $close) / ($high - $low + 1e-12), 20) + 1e-12)",An unusually large upper shadow relative to its own 20-day history signals an abnormal intraday sell-off that should revert next day.,validation_admitted,True,0.04563114733624382,0.04619628039195996,0.031134988016566712,123,25,115,1,[123],"Div(Sub(Div(Sub($high,$close),Add(1e-12,Sub($high,$low))),Mean(Div(Sub($high,$close),Add(1e-12,Sub($high,$low))),20)),Add(1e-12,Std(Div(Sub($high,$close),Add(1e-12,Sub($high,$low))),20)))"
1144498e61484294,VOLUME_RANK_RANGE_CLOSE_LOW,"Rank($volume, 20) * (($high - $low) / (Mean($high - $low, 20) + 1e-12)) * (($high + $low - 2 * $close) / ($high - $low + 1e-12))",High volume rank within the last 20 days combined with an elevated intraday range and a close near the low indicates heavy turnover capitulation that tends to be followed by a short-term rebound.,validation_admitted,True,0.0497828459493705,0.04606436344006026,0.022974122342127697,456,88,304,1,[456],"Mul(Div(Sub(Add($high,$low),Mul($close,2)),Add(1e-12,Sub($high,$low))),Mul(Div(Sub($high,$low),Add(1e-12,Mean(Sub($high,$low),20))),Rank($volume,20)))"
397c9f1be910e7eb,RANGE_SKEW_POSITION_AMOUNT,"Skew($high - $low, 20) * (($high - $low) / ($close + 1e-12)) * (($high + $low - 2 * $close) / ($high - $low + 1e-12)) * (($volume * $close) / (Mean($volume * $close, 20) + 1e-12))","Stocks with positively skewed recent intraday ranges, currently large range, close near the low, and elevated turnover reflect persistent attention with selling pressure, which may signal continued underperformance.",validation_admitted,True,0.04939019155987098,0.04600274016008162,0.026558319044514007,456,96,329,1,[456],"Mul(Div(Mul($close,$volume),Add(1e-12,Mean(Mul($close,$volume),20))),Mul(Div(Sub(Add($high,$low),Mul($close,2)),Add(1e-12,Sub($high,$low))),Mul(Div(Sub($high,$low),Add($close,1e-12)),Skew(Sub($high,$low),20))))"
881ab0a4c2bd67af,UPSHADOW_CV_AMOUNT,"(($high - $close) / ($high - $low + 1e-12)) / ((Std($close * $volume, 20) / (Mean($close * $volume, 20) + 1e-12)) + 1e-12)","It measures the intraday upper-shadow reversal per unit of instability in dollar turnover, so a weak close on low turnover variability signals illiquid selling pressure that should revert.",validation_admitted,True,0.054639851006829825,0.045807003686198014,0.03213952859077825,123,52,196,1,[123],"Div(Div(Sub($high,$close),Add(1e-12,Sub($high,$low))),Add(1e-12,Div(Std(Mul($close,$volume),20),Add(1e-12,Mean(Mul($close,$volume),20)))))"
cdfd227f957f5634,OVERSOLD_DOWN_CANDLE_VOLUME,"(($high + $low + $open - 3 * $close) / ($high - $low + 1e-12)) * ($volume / (Mean($volume, 20) + 1e-12))",Stocks that close near the low below their open on high relative volume are oversold and tend to rebound next-day in China A-shares.,validation_admitted,True,0.04933066504010004,0.045734420192542105,0.02667426200285591,456,17,92,1,[456],"Mul(Div($volume,Add(1e-12,Mean($volume,20))),Div(Sub(Add($open,Add($high,$low)),Mul($close,3)),Add(1e-12,Sub($high,$low))))"
5f60f46866d362f5,ABNORMAL_UPPER_SHADOW,"($high - $close) / ($high - $low + 1e-12) - Mean(($high - $close) / ($high - $low + 1e-12), 20)",The current upper shadow ratio in excess of its own 20-day mean captures unusual intraday weakness relative to recent price range that tends to reverse next day.,validation_admitted,True,0.04600590602564911,0.04558586168031133,0.03135714185576913,123,42,168,1,[123],"Sub(Div(Sub($high,$close),Add(1e-12,Sub($high,$low))),Mean(Div(Sub($high,$close),Add(1e-12,Sub($high,$low))),20))"
3e678ab597173a85,UPPER_SHADOW_REL_20,"($high - $close) / ($high - $low + 1e-12) / (Mean(($high - $close) / ($high - $low + 1e-12), 20) + 1e-12)",An upper shadow that is unusually large relative to its own 20-day mean signals a failed breakout that is more likely to reverse upward next day.,validation_admitted,True,0.04740638539392733,0.04539290705763477,0.03073382163145095,123,43,171,1,[123],"Div(Div(Sub($high,$close),Add(1e-12,Sub($high,$low))),Add(1e-12,Mean(Div(Sub($high,$close),Add(1e-12,Sub($high,$low))),20)))"
26c659ccd743cc49,VOL_RANGE_CLOSE_LOCATION,"(($high + $low - 2 * $close) / ($high - $low + 1e-12)) * (($volume - Min($volume, 20)) / (Max($volume, 20) - Min($volume, 20) + 1e-12))","Stocks closing near their daily low on unusually high volume relative to recent volume range are likely oversold and may rebound, giving higher scores predictive of next-day returns.",validation_admitted,True,0.04879517788866649,0.04531822294507537,0.020916179923984313,456,58,216,1,[456],"Mul(Div(Sub($volume,Min($volume,20)),Add(1e-12,Sub(Max($volume,20),Min($volume,20)))),Div(Sub(Add($high,$low),Mul($close,2)),Add(1e-12,Sub($high,$low))))"
c8e4cc36a9d1656a,GAP_ADJUSTED_INTRADAY_REVERSAL,"(($high - $low) / (Abs($open - Ref($close, 1)) + 1e-12)) * (($high + $low - 2 * $close) / ($high - $low + 1e-12)) * (($volume * $close) / (Mean($volume * $close, 20) + 1e-12))","A large intraday range relative to the overnight gap, a close near the low, and heavy turnover together identify stocks that are temporarily oversold and likely to rebound next day.",validation_admitted,True,0.043887933972077006,0.0452907256369496,0.02331513794522347,456,89,307,1,[456],"Mul(Div(Mul($close,$volume),Add(1e-12,Mean(Mul($close,$volume),20))),Mul(Div(Sub($high,$low),Add(1e-12,Abs(Sub($open,Ref($close,1))))),Div(Sub(Add($high,$low),Mul($close,2)),Add(1e-12,Sub($high,$low)))))"
925f81b47cab52ee,UPPER_SHADOW_VOLUME_STABILITY,"(($high - $close) / ($high - $low + 1e-12)) / (Std($volume / (Mean($volume, 20) + 1e-12), 20) + 1e-12)","Upper-shadow reversal signals are more reliable when trading volume is stable, so scaling the shadow ratio by volume-ratio volatility should improve next-day return predictability.",validation_admitted,True,0.05344264503260139,0.0450455499319079,0.031200404697478982,123,48,186,1,[123],"Div(Div(Sub($high,$close),Add(1e-12,Sub($high,$low))),Add(1e-12,Std(Div($volume,Add(1e-12,Mean($volume,20))),20)))"
4d68b16041d9dc8e,CLOSE_LOCATION_AMOUNT_RATIO_REVERSAL,"0 - (($close - $low) / ($high - $low + 1e-12)) * (($close * $volume) / (Ref(Mean($close * $volume, 20), 1) + 1e-12))",Higher trading value relative to its own 20-day average combined with a close in the lower part of the daily range signals distribution under selling pressure and predicts lower next-day returns.,validation_admitted,True,0.06081372710466161,0.04496811610360063,0.035269964976782725,42,89,307,1,[42],"Sub(0,Mul(Div(Mul($close,$volume),Add(1e-12,Ref(Mean(Mul($close,$volume),20),1))),Div(Sub($close,$low),Add(1e-12,Sub($high,$low)))))"
af7797415d21d9d7,UPPER_SHADOW_LOW_VOLUME_RANK_RETVOL,"((($high - $close) / ($high - $low + 1e-12)) * (1 - Rank($volume, 20))) / ((Std(($close / (Ref($close, 1) + 1e-12)) - 1, 20)) + 1e-12)","Stocks with upper shadows and low current volume rank tend to have exhausted intraday selling pressure and revert upward next day, especially when recent return volatility is low.",validation_admitted,True,0.05450182946065291,0.04489883026045874,0.042911845798871,123,82,286,1,[123],"Div(Mul(Div(Sub($high,$close),Add(1e-12,Sub($high,$low))),Sub(1,Rank($volume,20))),Add(1e-12,Std(Sub(Div($close,Add(1e-12,Ref($close,1))),1),20)))"
b218eee4b690ecbd,UPPER_SHADOW_PERSIST,"(($high - $close) / ($high - $low + 1e-12)) * (Ref(($high - $close) / ($high - $low + 1e-12), 1))","Two consecutive days of high upper shadow indicate persistent intraday selling pressure that tends to reverse next day, so higher scores predict positive forward returns.",validation_admitted,True,0.040674662810977195,0.04461908088577245,0.018470186997461027,123,41,165,1,[123],"Mul(Div(Sub($high,$close),Add(1e-12,Sub($high,$low))),Ref(Div(Sub($high,$close),Add(1e-12,Sub($high,$low))),1))"
654966c91685577c,UPPER_SHADOW_DOLLAR_VOLUME_RATIO,"(($high - $close) / ($high - $low + 1e-12)) / ((($close * $volume) / (Mean($close * $volume, 20) + 1e-12)) + 1e-12)","Large upper shadows relative to range, combined with low dollar turnover, indicate weak intraday selling pressure on illiquid days and predict next-day price reversal.",validation_admitted,True,0.05431506886089375,0.04461896526304436,0.03246631899751281,123,48,185,1,[123],"Div(Div(Sub($high,$close),Add(1e-12,Sub($high,$low))),Add(1e-12,Div(Mul($close,$volume),Add(1e-12,Mean(Mul($close,$volume),20)))))"
8489082985f472aa,CLOSE_LOCATION_REVERSAL,"0 - (($close - $low) / ($high - $low + 1e-12)) * ($volume / (Ref(Mean($volume, 20), 1) + 1e-12))",Stocks closing near the day's low with abnormally high volume are oversold and tend to mean-revert upward on the next day.,validation_admitted,True,0.05946269447767831,0.04429542577184863,0.034466166915432396,42,33,141,1,[42],"Sub(0,Mul(Div($volume,Add(1e-12,Ref(Mean($volume,20),1))),Div(Sub($close,$low),Add(1e-12,Sub($high,$low)))))"
6389b6fccef470ca,DOWN_GAP_LOW_VOLUME_UPPER_SHADOW,"If(Less($open, Ref($close, 1)), (($high - $close) / ($high - $low + 1e-12)) / (($volume / (Mean($volume, 20) + 1e-12)) + 1e-12), 0)","Down gaps with large upper shadows on low relative volume indicate weak selling pressure absorbed, which should lead to a next-day rebound.",validation_admitted,True,0.05366823724903023,0.04416669428510895,0.03214128755858294,123,46,179,1,[123],"If(Less($open,Ref($close,1)),Div(Div(Sub($high,$close),Add(1e-12,Sub($high,$low))),Add(1e-12,Div($volume,Add(1e-12,Mean($volume,20))))),0)"
ea6fd9c350e8d556,UPPER_SHADOW_LOW_TURNOVER,"(($high - $close) / ($high - $low + 1e-12)) / (($volume / (Mean($volume, 20) + 1e-12)) + 1e-12)","Upper shadows reflect late-day selling pressure, and unusually low turnover makes that selling harder to absorb, strengthening the next-day reversal signal.",validation_admitted,True,0.05366823724903023,0.04416669428510895,0.03214128755858294,123,45,177,1,[123],"Div(Div(Sub($high,$close),Add(1e-12,Sub($high,$low))),Add(1e-12,Div($volume,Add(1e-12,Mean($volume,20)))))"
6a7b3779fe045a6e,LOW_RETVOL_RANGE_VOLUME,"(($high + $low - 2 * $close) / ($high - $low + 1e-12)) * (($volume * $close) / (Mean($volume * $close, 20) + 1e-12)) / (Std($close / Ref($close, 1) - 1, 20) + 1e-12)","Close near the low within a tight range combined with high relative turnover and low return volatility suggests accumulation at support, predicting positive next-day returns.",validation_admitted,True,0.040133117231628546,0.044038601755240485,0.021662946577585517,456,78,275,1,[456],"Div(Mul(Div(Mul($close,$volume),Add(1e-12,Mean(Mul($close,$volume),20))),Div(Sub(Add($high,$low),Mul($close,2)),Add(1e-12,Sub($high,$low)))),Add(1e-12,Std(Sub(Div($close,Ref($close,1)),1),20)))"
52db6db9e8afe663,UPPER_SHADOW_RANGE_STABILITY,"(($high - $close) / ($high - $low + 1e-12)) / ((Std($high - $low, 20) / (Mean($high - $low, 20) + 1e-12)) + 1e-12)","Close near the low relative to daily range, normalized by the stability of the trading range, captures intraday selling pressure in stable-range stocks that tend to revert next day.",validation_admitted,True,0.05460526407434022,0.043941452305453675,0.029723306432635967,123,54,202,1,[123],"Div(Div(Sub($high,$close),Add(1e-12,Sub($high,$low))),Add(1e-12,Div(Std(Sub($high,$low),20),Add(1e-12,Mean(Sub($high,$low),20)))))"
4f941ef03d46ac9b,LOW_VOLUME_UPPER_SHADOW,"(($high - $close) / ($high - $low + 1e-12)) * (Ref(Mean($volume, 20), 1) / ($volume + 1e-12))",Stocks with long upper shadows on low volume indicate weak intraday demand without conviction and tend to rebound the next day.,validation_admitted,True,0.05380083379997329,0.04358339835742824,0.03224356310598353,42,49,189,1,[42],"Mul(Div(Ref(Mean($volume,20),1),Add($volume,1e-12)),Div(Sub($high,$close),Add(1e-12,Sub($high,$low))))"
c305ae86f811b622,LOW_VOLUME_REVERSAL_UPPER_SHADOW,"((($high - $close) / ($high - $low + 1e-12)) * (Mean($volume, 20) / ($volume + 1e-12))) / ((Std($close * $volume, 20) / (Mean($close * $volume, 20) + 1e-12)) + 1e-12)","A large upper shadow on low current volume indicates weak selling pressure and a potential mean-reversion bounce, amplified when dollar-volume variance is low.",validation_admitted,True,0.058757659300808306,0.043474170998260946,0.03536324126245121,123,74,262,1,[123],"Div(Mul(Div(Mean($volume,20),Add($volume,1e-12)),Div(Sub($high,$close),Add(1e-12,Sub($high,$low)))),Add(1e-12,Div(Std(Mul($close,$volume),20),Add(1e-12,Mean(Mul($close,$volume),20)))))"
55633bbbdf24f775,BEARISH_INTRADAY_PRESSURE_TR,"($high + $open - 2 * $close) / (If(Greater($high, Ref($close, 1)), $high, Ref($close, 1)) - If(Less($low, Ref($close, 1)), $low, Ref($close, 1)) + 1e-12)","Combines upper shadow and bearish real body relative to true range, capturing intraday selling pressure that tends to reverse next day.",validation_admitted,True,0.04131529044844055,0.04333533533810447,0.027304532524005675,123,14,82,1,[123],"Div(Sub(Add($high,$open),Mul($close,2)),Add(1e-12,Sub(If(Greater($high,Ref($close,1)),$high,Ref($close,1)),If(Less($low,Ref($close,1)),$low,Ref($close,1)))))"
da8f1a3c04a7b07f,UPPER_SHADOW_ZSCORE_VOLRATIO_CV,"((($high - $close) / ($high - $low + 1e-12)) / (Std(($high - $close) / ($high - $low + 1e-12), 20) + 1e-12) * (Mean($volume, 20) / ($volume + 1e-12))) / ((Std($close * $volume, 20) / (Mean($close * $volume, 20) + 1e-12)) + 1e-12)","An unusually high upper shadow relative to its own 20-day volatility, combined with low current volume and stable dollar-volume dynamics, captures exhausted intraday selling pressure that tends to reverse higher.",validation_admitted,True,0.05734464260674528,0.043316565727170665,0.03387002881854132,123,84,292,1,[123],"Div(Mul(Div(Div(Sub($high,$close),Add(1e-12,Sub($high,$low))),Add(1e-12,Std(Div(Sub($high,$close),Add(1e-12,Sub($high,$low))),20))),Div(Mean($volume,20),Add($volume,1e-12))),Add(1e-12,Div(Std(Mul($close,$volume),20),Add(1e-12,Mean(Mul($close,$volume),20)))))"
3739ab7757a80c67,UPPER_SHADOW_TO_DOLLAR_RANGE_CV,"(($high - $close) / ($high - $low + 1e-12)) / ((Std(($high - $low) * $volume, 20) / (Mean(($high - $low) * $volume, 20) + 1e-12)) + 1e-12)","Upper shadow captures intraday selling pressure; normalizing by the coefficient of variation of dollar-range filters out stocks with unstable trading value, making the expected reversal signal cleaner.",validation_admitted,True,0.05425978704674269,0.04328981075764269,0.029301503144772603,123,57,212,1,[123],"Div(Div(Sub($high,$close),Add(1e-12,Sub($high,$low))),Add(1e-12,Div(Std(Mul($volume,Sub($high,$low)),20),Add(1e-12,Mean(Mul($volume,Sub($high,$low)),20)))))"
d8fc48aff244933c,VOL_AMPLIFIED_INTRADAY_PLUS_DAILY_REVERSAL,"((($high + $low - 2 * $close) / ($high - $low + 1e-12)) + (0 - ($close / Ref($close, 1) - 1) / (Std($close / Ref($close, 1) - 1, 20) + 1e-12))) * (($volume * $close) / (Mean($volume * $close, 20) + 1e-12))","Combines intraday close location within the daily range with standardized daily reversal, both amplified by abnormal dollar volume, to capture high-volume reversal effects in Chinese A-shares.",validation_admitted,True,0.042617486225494744,0.04293209490633281,0.027651934597038092,456,76,268,1,[456],"Mul(Add(Div(Sub(Add($high,$low),Mul($close,2)),Add(1e-12,Sub($high,$low))),Sub(0,Div(Sub(Div($close,Ref($close,1)),1),Add(1e-12,Std(Sub(Div($close,Ref($close,1)),1),20))))),Div(Mul($close,$volume),Add(1e-12,Mean(Mul($close,$volume),20))))"
23935e1848220b3f,TS_RANK_HIGH_CLOSE_RANGE,"Rank(($high - $close) / ($high - $low + 1e-12), 20)","Ranks the intraday close position relative to its own 20-day history to capture abnormal selling pressure, which tends to reverse in Chinese A-shares.",validation_admitted,True,0.04269885092088142,0.04279148586179851,0.02981226935436896,123,35,147,1,[123],"Rank(Div(Sub($high,$close),Add(1e-12,Sub($high,$low))),20)"
5d4978c2a2bed327,LOW_CLOSE_VOLUME_SHOCK_TO_RANGE_RISK,"0 - (($close - $low) / ($high - $low + 1e-12)) * (($volume / (Ref(Mean($volume, 20), 1) + 1e-12)) / (Std($high - $low, 20) / (Mean($high - $low, 20) + 1e-12) + 1e-12))",Stocks closing near the day's low on abnormally high volume when intraday range volatility is subdued are likely experiencing panic liquidation that tends to reverse next day.,validation_admitted,True,0.0510024683650709,0.04274221390461282,0.028936711877871668,42,79,277,1,[42],"Sub(0,Mul(Div(Div($volume,Add(1e-12,Ref(Mean($volume,20),1))),Add(1e-12,Div(Std(Sub($high,$low),20),Add(1e-12,Mean(Sub($high,$low),20))))),Div(Sub($close,$low),Add(1e-12,Sub($high,$low)))))"
c5a055753e682959,PREV_5D_MINLOW_OVER_CLOSE,"Ref(Min($low, 5), 1) / $close","Stocks closing below the prior five-day low are at a short-term support break and tend to mean-revert upward, so a higher ratio should predict positive next-day returns.",validation_admitted,True,0.041277844730570626,0.042627696641098264,0.03585139761644853,42,4,52,1,[42],"Div(Ref(Min($low,5),1),$close)"
d4a5d8a020f1f408,PRIOR_5D_LOW_OVER_CLOSE,"Min(Ref($low, 1), 5) / $close","Stocks closing below the lowest low of the prior five days are at short-term support and tend to rebound next day, making this ratio positively predictive.",validation_admitted,True,0.041277844730570626,0.042627696641098264,0.03585139761644853,42,13,80,1,[42],"Div(Min(Ref($low,1),5),$close)"
565466be74a854be,PRIOR_3DAY_LOW_BREAK_VOL,"(Ref(Min($low, 3), 1) / $close - 1) * ($volume / (Ref(Mean($volume, 20), 1) + 1e-12))",A close below the prior three-day low on elevated volume signals capitulation and tends to predict a short-term rebound in A-shares.,validation_admitted,True,0.044316823200978045,0.04254635148204155,0.03473066825367043,42,28,125,1,[42],"Mul(Div($volume,Add(1e-12,Ref(Mean($volume,20),1))),Sub(Div(Ref(Min($low,3),1),$close),1))"
981973106b70ec43,CLOSE_LOW_VOL_ACCEL,"0 - (($close - $low) / ($high - $low + 1e-12)) * ($volume / (Ref($volume, 1) + 1e-12))","Stocks closing near the daily low with a volume surge relative to the prior day reflect panic selling that tends to revert next day, so the negative composite should relate positively to forward returns.",validation_admitted,True,0.049188149672706225,0.042067845178262356,0.032148752102219486,42,44,172,1,[42],"Sub(0,Mul(Div($volume,Add(1e-12,Ref($volume,1))),Div(Sub($close,$low),Add(1e-12,Sub($high,$low)))))"
73a5a0c10c045e1b,UPPER_SHADOW_SURPRISE_RELATIVE_VOLUME,"((($high - $close) / ($high - $low + 1e-12)) / (Mean(($high - $close) / ($high - $low + 1e-12), 20) + 1e-12)) * (Mean($volume, 20) / ($volume + 1e-12)) / ((Std($close * $volume, 20) / (Mean($close * $volume, 20) + 1e-12)) + 1e-12)",An unusually high upper-shadow surprise on low current volume and low dollar-volume variability signals residual selling pressure that is likely to reverse next day.,validation_admitted,True,0.05793551319900382,0.04175084397968077,0.036441504771363153,123,83,291,1,[123],"Div(Mul(Div(Div(Sub($high,$close),Add(1e-12,Sub($high,$low))),Add(1e-12,Mean(Div(Sub($high,$close),Add(1e-12,Sub($high,$low))),20))),Div(Mean($volume,20),Add($volume,1e-12))),Add(1e-12,Div(Std(Mul($close,$volume),20),Add(1e-12,Mean(Mul($close,$volume),20)))))"
c5c7db78ed31f397,UPPER_SHADOW_VOLUME_RANGE_CV,"((($high - $close) / ($high - $low + 1e-12)) * (Mean($volume, 20) / ($volume + 1e-12))) / ((Std($high - $low, 20) / (Mean($high - $low, 20) + 1e-12)) + 1e-12)","Large upper shadows with contracting current volume and low range volatility indicate exhausted intraday selling pressure, which should predict positive next-day returns.",validation_admitted,True,0.05800396775215978,0.041099388379121506,0.03297532865693838,123,84,293,1,[123],"Div(Mul(Div(Mean($volume,20),Add($volume,1e-12)),Div(Sub($high,$close),Add(1e-12,Sub($high,$low)))),Add(1e-12,Div(Std(Sub($high,$low),20),Add(1e-12,Mean(Sub($high,$low),20)))))"
995eafa374976131,RANK_INTRADAY_REVERSAL_VOLUME,"0 - (Rank(($close - $low) / ($high - $low + 1e-12), 20) * ($volume / (Ref(Mean($volume, 20), 1) + 1e-12)))",A stock whose close is in the lower part of its daily range relative to the past month and whose volume is below average is likely to rebound next day.,validation_admitted,True,0.057802456299485834,0.040875463504884774,0.03407653421248423,42,96,329,1,[42],"Sub(0,Mul(Div($volume,Add(1e-12,Ref(Mean($volume,20),1))),Rank(Div(Sub($close,$low),Add(1e-12,Sub($high,$low))),20)))"
2de34398e5584e66,OPEN_CLOSE_LOSS_DOLLAR_CV,"(($open - $close) / ($open + 1e-12)) / ((Std($close * $volume, 20) / (Mean($close * $volume, 20) + 1e-12)) + 1e-12)","Stocks with a large open-to-close intraday drop but stable dollar-volume turnover are likely overreacting downward and should bounce next day, so a higher score predicts higher returns.",validation_admitted,True,0.04024634404541386,0.040703228706180754,0.025452596007046687,123,58,216,1,[123],"Div(Div(Sub($open,$close),Add($open,1e-12)),Add(1e-12,Div(Std(Mul($close,$volume),20),Add(1e-12,Mean(Mul($close,$volume),20)))))"
702246bd481083e5,INTRADAY_REVERSAL,0 - ($close / $open - 1),"Intraday declines are overreactions that tend to reverse next day, so a higher score should predict positive returns.",validation_admitted,True,0.04315490915243494,0.040635460328226736,0.026660706085488435,123,5,56,1,[123],"Sub(0,Sub(Div($close,$open),1))"
09fc41ffae5a7271,LOW_INTRADAY_RETURN,1 - ($close / $open),"Stocks with large intraday gains tend to reverse the next day in Chinese A-shares, so a factor rewarding low intraday return should rank positively.",validation_admitted,True,0.04315490915243494,0.040635460328226736,0.026660706085488435,42,8,64,1,[42],"Sub(1,Div($close,$open))"
e9cc13980c97a8c0,UPPER_SHADOW_VOLUME_CONTRACTION_CV,"(($high - $close) / ($high - $low + 1e-12) * (Mean($volume, 5) / (Mean($volume, 20) + 1e-12))) / ((Std($close * $volume, 20) / (Mean($close * $volume, 20) + 1e-12)) + 1e-12)","Upper shadows combined with shrinking short-term volume indicate exhausted selling pressure, so prices should rebound next day.",validation_admitted,True,0.04565430038036244,0.04050739586594022,0.027088006276873612,123,77,271,1,[123],"Div(Mul(Div(Mean($volume,5),Add(1e-12,Mean($volume,20))),Div(Sub($high,$close),Add(1e-12,Sub($high,$low)))),Add(1e-12,Div(Std(Mul($close,$volume),20),Add(1e-12,Mean(Mul($close,$volume),20)))))"
